ph,turbidez,conductividad,oxigeno_disuelto,temperatura,zona
8.465526861199008,4.316668247859126,640.9971024320346,11.636834771936094,14.668481552097985,centro
8.320796406469313,3.131101608157077,806.0962491132047,6.545245169349046,32.715547042090535,centro
7.870649225959146,3.6532525511962306,504.3544804984575,6.576108261173179,30.054434243560088,centro
7.54563692882574,0.8765147117882982,597.1111782466296,7.247020574662072,33.07584226031991,centro
8.351146460882285,4.343115839778054,1202.138504115276,8.741975931709897,23.648201577247555,centro
6.060789916078635,2.366049533457786,318.72876031663594,13.638765224421098,26.82845606775695,centro
7.8061302881537635,1.8426317186188057,910.1712766557073,7.107830338337007,11.05206029373236,centro
7.330283713163289,3.977249803948646,292.08197868343814,8.160974486139029,30.14963161334311,centro
7.23129423454716,0.1556704144225568,1285.782617867213,5.519589433026055,31.896871652752075,centro
7.442259711565898,1.0655235201254165,1359.1977430283814,7.208170827495899,12.551755368375698,centro
7.577846564993157,2.046670031575215,484.8827116851278,7.001251742733532,6.647764776014632,centro
8.230116387942783,4.919888239799141,480.99482117749494,5.9481093603319986,16.316355689464494,centro
7.342766354546369,1.515641779726643,584.625397753953,8.580791327156845,25.111274671416925,centro
7.467102795052198,1.3155628495542144,586.2292211814062,12.447977470466423,16.64165003314568,centro
7.079148865574199,0.4382137338191927,1162.9730613509814,5.274173176780641,13.418899937039063,centro
6.38214784796083,4.257124788725479,478.18714247915756,8.943607519235101,24.828608763853516,centro
7.070460370793286,0.6562243884119379,142.2793184656314,9.501014768689643,8.780768496174508,centro
8.015503199482653,2.7889170868501245,1271.9322581328047,12.163337484291521,10.586321111151438,centro
6.20439757987218,1.621668765576878,1124.3108814205036,12.179590370133926,3.815476547432505,centro
7.5697509737272695,2.6647889327566765,407.89461034275826,8.370934190416232,17.016077893670904,centro
6.870638667558251,2.258838393686146,1397.3806777661882,12.759826762923698,30.06891151764208,centro
7.284973722899527,2.9330423158773704,637.3989070649714,7.824879470502235,17.502039071688035,centro
7.995737947416938,1.2102250793126372,1128.2111784560118,12.58993551009095,14.051162268116514,centro
6.991356955803175,3.6843687247209105,516.1687668094289,12.5609727059528,8.367323442626038,centro
8.373801559144106,0.47857277760080863,978.6902611549738,8.343205363619392,10.940930871790504,centro
6.645610970747396,2.73348706357035,989.3352966862661,9.433121636779678,22.596090197044408,centro
7.583502135791814,4.938927601074436,899.5039432576028,8.661243208565512,24.207947815328954,centro
8.123058526235445,1.3662976349910467,213.24156609730866,11.591609441525412,8.830917447439047,centro
7.756210209967773,2.3996941735856177,1068.8189709739986,10.046104654450549,2.1506201545775627,centro
7.602186862008036,4.956279968510941,1215.7398359511544,6.579424646432217,7.2386262596688695,centro
6.454700210997862,0.6419714472706262,851.1264027414393,10.109545861379491,17.65595795842744,centro
7.425152925223412,0.32104468537567044,509.57255229712297,8.526734358692234,12.415499485557442,centro
6.6964758475798964,1.6168578105776037,128.78145049321057,10.137896751555285,27.41855269985434,centro
6.423731866715231,3.4278264361448567,1324.5194054092876,8.034859180091768,5.66730523212748,centro
6.301589677751502,0.34711921373046684,50.19530485650371,6.968388202912249,26.29476235308184,centro
7.258543177137142,1.1685604095521651,1075.1159068107884,13.344114036780043,33.47021585296765,centro
7.295824130909342,2.276100745409006,692.9010208498222,5.163116369411568,13.554604399869445,centro
7.093687305059323,0.4776765691733409,457.45652341763474,11.004911034747629,7.722787086761197,centro
7.624082247618037,3.2725560714056763,1315.4930673708855,11.468656560681772,24.12586442359416,centro
6.433433988236887,1.9031164673829004,985.007275832355,7.137307010770318,12.704399414135507,centro
7.9881682796497255,4.983484269264884,380.9412770658637,5.831244753002407,29.535779393082517,centro
6.410664494827483,1.5312681039330585,1133.7943895652063,6.354250439053978,4.212725167349512,centro
7.097837271425546,1.838796754386448,1446.0141078671488,11.784812744389217,13.11887235224992,centro
6.942361073562269,2.0706487626446353,159.6273088942886,10.201020014246794,21.746571845449754,centro
6.435916072512478,2.6999268985792773,1263.709631602263,6.670820344111187,34.844911517174076,centro
7.612931976023624,3.170028515498057,379.4103576840966,5.634427510788302,30.576648505802538,centro
7.869023450440627,3.846524468206699,333.95797199469155,11.813433032287628,1.2456580782266735,centro
7.693910904605707,3.084634591878711,1045.1744351948414,10.896563430719041,6.1913932788394375,centro
8.24893643318642,2.4067207581766183,1182.9166908335924,6.9120254947592565,1.8840683717960678,centro
6.10193785388691,0.0319293585841679,1030.4574650093793,11.879966552679539,11.022145560611351,centro
6.466296275999635,2.537338668804181,233.08387526852897,5.948538962970247,3.3237846329931777,centro
7.56059498978498,0.6855485286449953,972.1343253874063,12.961281994066525,28.08406245579635,centro
6.837264036642715,1.2060072879977075,550.5287023166052,11.219502314653356,17.811292452445805,centro
6.225724425136021,0.803799480241541,733.3663927273386,5.5055846961269514,21.249734830925192,centro
7.98506297317574,4.007685559414948,471.23153322355955,6.715488497670048,30.31124862660148,centro
7.852801623225147,0.5052290550532335,714.0938505551786,6.671597648046671,14.654330016468947,centro
6.166240668416943,1.5163757378379779,1181.5453791779216,13.419360621747462,7.148473722895011,centro
6.232756919514748,0.3367530073438585,427.41594347070435,7.770162485126711,26.371523873085884,centro
8.243039394883317,2.9108523008813663,1365.4327945234534,13.224095994859333,30.550079754798258,centro
6.280097255420131,0.4045964152562609,583.2896822464216,6.561464453195198,1.651884559408265,centro
8.16376781473495,3.4747554445123088,797.9997589328758,8.528842192141154,22.09815921751818,centro
6.287092061848009,1.8376721114576573,1447.073899287003,8.105753709619103,15.423270919850275,centro
7.526550106104081,0.34086154692746784,802.5968061878457,5.27093484990187,30.797011935445507,centro
7.202850254637044,2.747647679475085,1170.7361487203668,7.389467666861651,34.39588393186351,centro
8.246385471317698,1.6180510957477061,110.93577899853767,12.729350940513392,33.72179816160146,centro
8.256382266698918,0.8380960814415883,153.98223882909394,5.854261431395027,18.14965910330069,centro
6.4664175601282645,0.5818319894273805,1120.9663142918796,5.224744959053447,23.485454318651843,centro
7.60507911538572,3.791315979645113,1466.360476340456,9.980340707747946,29.74857656761219,centro
8.217716060662793,3.7482591587146237,842.6399192722932,5.923111663252309,15.506179721816679,centro
6.336036692347435,2.5307093142012205,74.57411408989245,12.632983115140672,20.837822955490545,centro
8.024686114636587,1.080190912547998,435.0951077899788,7.497182117524586,6.849942403487717,centro
6.636601636909409,3.0979397744891477,75.45092688161192,7.534544378950685,28.70886616307114,centro
7.48909685151961,0.3067481355533408,801.0427651832395,11.4444497591793,16.0310015804354,centro
7.178940471375396,3.9038079303421993,554.7386100940178,11.356215462997358,8.982652251513352,centro
6.872170666357488,0.29081897752737895,51.96275728742882,13.910979614781793,17.950615980684372,centro
6.841510695484802,1.5590806654262979,232.0478114058474,7.857947302318296,23.210118714132307,centro
6.98061011274933,3.337749496457352,386.95726843126937,10.168588175811898,8.966703005377424,centro
6.234954849602173,0.048854237095918296,116.19068097845641,12.943038890951126,2.049785684958685,centro
7.356611586768942,1.7531346560459038,530.4531602994236,12.231838935163431,20.194356434618864,centro
6.9356769893903,3.363010591125631,1154.7576282770615,6.904723087128751,7.863008917461832,centro
6.9406489638272895,4.723071097370116,133.58899418858607,10.338423971355214,11.696744996058847,centro
6.208751791746672,3.4162401414482293,546.5495693103344,5.480131972900079,25.580462102165615,centro
8.353662021941313,3.665565112076405,886.9398357650987,13.451616315052624,7.9370418861875995,centro
7.060555023117441,4.344524922393591,858.6777980625637,11.097784524953163,29.14141206641459,centro
7.171651604985316,3.3825669288862326,958.0397660605425,11.217955788957404,4.8995581852617,centro
7.438685444689698,2.961751642966811,256.0988295005136,10.935596917766931,6.469343928145873,centro
8.350575603562394,1.384138986175258,824.2528351942575,12.396478519268234,20.006267731903034,centro
7.6230257552901595,3.2561648852074603,1326.456405115944,6.405859118179597,18.18640865310526,centro
6.066278276354055,4.503509320056293,1358.5572955644705,11.265405306241327,7.717067379516224,centro
7.865112198163558,0.5329651515399536,953.9386393311881,10.723462941440399,34.87842080795167,centro
7.4584219127428995,3.2892265230151803,875.59717371431,10.39371904525494,4.732605979949915,centro
7.646734079047363,2.1930770959479524,938.2315290999878,13.170546624951808,14.494937387548317,centro
6.030386186724541,2.8350813049333388,380.2371173496539,5.17230381197153,31.746468614525764,centro
7.564649789285591,0.2005459570624124,64.6902168402279,7.173505651935502,22.10105774040572,centro
8.466598946252939,0.46950357894709194,835.4719779945058,9.749097195995255,29.071796615112696,centro
6.21209428521298,4.849560230536352,852.8816537691162,8.077147502949412,30.600756694797823,centro
6.236107401889821,4.271925466847896,1054.1145986703768,7.381715242328216,1.790257196713917,centro
6.203371951604749,3.3671621666245866,273.5103126088063,13.362255680139164,8.423468016500358,centro
7.121113804945799,4.683028461474807,1447.8252403206684,10.095626221025638,17.13754266112114,centro
6.8520088506325445,1.6850158821564314,1340.6407010165221,13.108648061214211,33.10898114459597,centro
7.941032401854992,2.598869742780088,256.7615089187677,7.92761556525573,1.595480528203408,centro
6.733026929245161,0.19671770334254823,607.0997338294103,7.8150019028931865,14.540505020723137,centro
8.476262855001684,1.1802523167323198,593.101686179176,7.907246111786845,6.4846897616739,centro
8.01708684816816,2.2689477069181962,1048.1872768135986,11.001626521750921,1.5423051549633486,centro
7.978947609314622,1.5807805248837525,282.03615787163136,11.879180477927846,3.444846618547906,centro
6.936531536566178,4.938247818680289,910.8081472523808,7.82444127401974,28.907630799250565,centro
7.974045356986385,2.536174043441962,83.86053967586957,10.613687763776081,33.48521518612724,centro
7.57235711694971,4.847061611676438,1379.1210919697505,5.280341835140519,20.08530473869837,centro
7.741842913410377,1.9554076832588034,1293.4653896088614,8.891116037630127,2.4904487607268413,centro
7.90377657929368,2.5779801428962514,1248.7256716251568,13.916112413591893,19.14251065949169,centro
7.545545158290652,2.444232901284601,1476.8190866551731,11.810571503617112,16.628145550336882,centro
6.210267015287494,0.6982562737815645,1443.6464538410098,11.366573000296349,2.545723172253394,centro
6.181907515910484,1.5396497079559546,608.9922618685374,7.059879162351491,12.247824874974992,centro
8.05465014822589,3.5234038136832337,543.5613011690332,10.371666891989836,27.384903427447576,centro
8.21926045689575,4.759058927116195,1436.0823019852128,10.621526433030784,3.3937984837898663,centro
6.1078997798764405,4.39257780650674,1368.7091858590009,10.487276826373543,7.291038650298129,centro
7.587734127169109,1.7296749627348147,1034.071437175219,7.438484284847289,27.992417755602418,centro
6.996261835993433,3.713532605999905,1415.5022818474413,9.265290981044924,20.580016220036995,centro
6.196140953355665,4.474083280302638,1317.622660793505,10.910565362494472,32.93080593457215,centro
6.376042227758821,4.635172723981533,1097.9250886624313,6.8971379139502575,0.7897579096871532,centro
6.952227141577554,4.672180134027571,244.9309376417767,9.221964899428208,20.199097883576727,centro
6.807391182353115,4.008640415348959,944.7464483708119,5.618423099515649,22.053259440158218,centro
8.424785994536508,1.758113436198172,484.12360313893777,7.417059507082783,31.173045941164485,centro
7.037048755844163,1.4243645098096143,355.5221976074446,13.757691181210685,26.24509759508941,centro
7.593574753745516,2.7064816765053523,475.5587936517764,7.890459373723582,20.531837139928193,centro
6.063376858538644,2.7379618807686814,765.6425414931721,11.378890897062387,4.352104450080462,centro
7.388579264006569,1.3631200036676687,70.75715261723697,7.6944503633481345,10.724540727286273,centro
6.1292043029215195,0.1579307241282102,1213.7492353907287,8.901250094800709,2.8215391809360613,centro
6.571607013758657,2.836561098144518,1276.5860875327116,6.322297312253937,7.489813754440975,centro
7.9307959793390985,3.1657568779701117,145.71427400335028,10.070675280354687,27.952952312482278,centro
7.379767096936214,4.095944297133951,1221.9410545133721,10.226291760988564,5.382429692962567,centro
6.093370471873036,0.6635787702153018,456.99066249816275,12.896154078195547,2.774809962091711,centro
7.402344928838466,4.421032316742039,1424.1476376484827,9.549578843508776,31.015995291959758,centro
8.191634006645863,1.1403988597446624,154.85888912401097,6.296709074118796,16.04814967654554,centro
7.922468537951277,2.0677455076267575,1119.9108019142186,7.092553929870481,19.429682536361597,centro
7.820540871529649,0.14623641517279573,1135.7981885967945,7.631447993709738,19.80107327146512,centro
7.045607590726547,3.590615381132472,1331.023906329788,5.603148839760889,16.50773217627084,centro
7.8142987709709,3.8244163077106412,1344.9807975333517,5.561546617384495,32.95159831271229,centro
7.573496595338156,4.089171080875108,449.8629739644676,6.38321938559784,5.651024192248403,centro
7.739371722461543,0.6010452768530422,1321.781342476374,10.153465095938202,16.510894313145368,centro
7.568895200210159,0.028793302490607853,265.7541556374177,13.291767609916779,19.960042855598665,centro
7.229039687792081,1.2884144425560684,1139.2081693222062,13.00215131546009,15.490207107648539,centro
8.225659459727291,2.2434681131126535,594.2283664834227,8.810016297378777,19.73625223693908,centro
7.759144648450059,3.401141212156457,585.1268815533291,11.828437890475286,31.584114663873617,centro
6.470302899309403,0.3659796188422182,610.4837348933904,12.9462333486685,27.868526330973552,centro
6.433235800177115,3.6579476087766594,622.1353096165873,5.047821281015113,1.4099931572299462,centro
7.159246012349955,3.0172429669068896,791.3494201910892,10.931408691190091,25.725881516643817,centro
6.77381904071582,0.12821032903217844,881.6169796105812,13.975141099132424,10.086458408583532,centro
8.034487549267372,1.7062391381307818,1436.268358237303,5.270234047964536,0.22625252263986928,centro
7.385885131278502,0.9105895784434964,1240.7375096978285,12.227018647620534,0.7723152038801795,centro
6.699834742364857,1.0960699367902216,498.590440901034,10.253422289582275,16.844728292673295,centro
8.277317961234607,2.9008618461366615,1288.244852085362,13.760443572483391,25.711290524868726,centro
8.37449978322981,3.039525463967223,1278.1048386002376,12.626491375142365,20.46897339570268,centro
7.373066661765301,1.2355161700507322,1366.0359537070046,9.935772466942064,20.322582906837194,centro
6.0359837215743894,1.1422737066564936,925.5034067766122,6.528929054456618,15.394947389984221,centro
6.379187199331878,2.2718866727998046,263.58941420450697,6.079019841254409,16.91312265564023,centro
6.210349912487622,0.12293458229400755,210.54486032315774,9.52819225296386,6.868600084715798,centro
6.446361655135834,2.3077873720989492,1414.1375547295065,13.408737027507412,30.92893886907964,centro
6.113068222276345,2.3993781015195443,993.9115273688835,5.680252524686603,31.146968172700188,centro
6.8133258269081605,3.1375273160918504,840.8762106400129,13.562808987610094,34.71869615335252,centro
6.971693224223705,4.368385570931694,140.29600352873416,7.675617112766003,10.292361176187224,centro
7.090316322838292,3.6103546910136854,1011.4184281149625,8.556397677250745,32.077120289042995,centro
8.071843772879824,3.841367069322591,1219.2852449876173,10.391401284353435,26.787717735031425,centro
7.38011795212995,2.2430531547727126,375.2255507633153,13.691724888377728,5.818027671808055,centro
7.356740207895621,3.6879115079444573,1190.103389106848,7.406618250717871,3.599490725511685,centro
8.231679277692438,1.012402800826187,129.21990900140983,9.356185152584636,5.659309364589539,centro
6.453588587724493,3.8049538001404692,50.016870395280904,13.235546592655002,4.313661034639301,centro
6.186376609199427,1.7731107882038826,288.8242124768291,7.258037411219922,23.584361439450163,centro
8.2408395463028,0.9401236730770807,459.58501823650533,12.496367440168052,10.429203242354532,centro
6.512460738539552,3.665356480148374,1320.0304710997327,12.420243658440942,2.820328430027976,centro
7.767143359619043,4.938611948680157,1325.3936896797172,10.379014544324328,23.888636083820256,centro
7.670212841426615,2.7754247465114315,269.81285846014407,11.583468176388251,13.5382534718158,centro
8.37113326740539,2.9652216709339205,1280.216799681261,8.112254885693826,13.022878923701358,centro
8.139241170265715,2.0074715793064413,1055.746183337003,9.781646165158389,1.950929875560461,centro
7.859865731431692,2.441205685108891,699.1264668451066,7.591508084083932,8.70117096146572,centro
6.0677399812587085,1.4877422565941028,907.1389397248489,10.013364619475317,12.687569458602962,centro
7.789930572118494,2.9517384522938643,771.4327856118482,6.513832901898663,21.033091958820165,centro
8.365288655334082,3.6298995499264777,561.9230678204385,5.630973256771313,28.50343722341785,centro
8.154464052533793,0.6586438672728095,459.61929566063577,10.923438418678161,20.87634763947403,centro
6.388100614826781,0.21586867898505835,799.2126585780883,8.718552654869477,12.458522071472418,centro
7.938819041737526,3.882237232498623,1306.8170140337004,12.332039042389903,21.89017075583077,centro
7.40319299392374,2.563442555082543,808.8279652323749,12.55821445997984,32.51008424459479,centro
7.306832073454985,1.1024310453508768,887.5103805276784,13.793062589950491,0.4788845166238387,centro
8.245135723601784,4.232571693451391,1381.4466756793838,13.446339423927391,11.990687898389613,centro
7.591026028159451,4.845513150704057,822.891857506903,11.735459147086083,14.923942488056788,centro
7.03656030931756,1.203463559162525,567.825680985729,10.907686431505912,13.727622770173905,centro
8.402675793673637,3.0646979124726275,1428.8464620286952,8.669732945024592,1.508503813191342,centro
6.4450899171743785,2.197024948472261,1381.7183266108425,9.280365726398074,12.331446898838875,centro
7.631865269629687,0.04665809913546648,785.0346350446601,13.247784900788597,12.002538196571857,centro
6.3502829394161315,2.0631092042431187,489.2498131786224,12.248870387413811,11.858821884798257,centro
8.304685587557792,1.7535590772585508,1020.0823891272071,13.71683598529903,0.5670139068813523,centro
7.494749947027713,4.989670552666688,1282.4642886469599,10.910804571271013,27.283084549842222,centro
6.3420465772974035,0.3447900817821059,499.1923958531939,8.551150837870313,11.474499326003638,centro
7.4966462104925915,3.661124432047806,411.84198978178387,10.62386689646299,5.386496664282079,centro
6.390046601106091,4.032805739307249,444.3271028865149,10.145713848293738,5.223731440951587,centro
6.389986300840507,3.293916833553587,1151.1274805060473,12.495473391094439,9.386102871071966,centro
7.502787529358022,1.2483400442959298,144.78092846835858,11.066179271529133,23.789402589167086,centro
8.047755794185498,3.6475411432619835,1300.8286831663095,12.836196099116954,26.94113179999805,centro
7.72100599106934,3.639696534868826,124.9196464040436,5.858248291457032,25.484075306765824,centro
7.927280509364555,4.013216548978552,390.7114372441315,12.250839248270077,8.482379329786681,centro
6.835609727042402,0.9305070892313866,684.608925814895,12.491271856948956,34.204933811192525,centro
7.487694826750637,1.2964837943288687,1266.5461251911156,8.372497734566387,4.320745303362429,centro
7.311891079080595,2.839726152763147,1354.758351246545,8.640746470164828,31.34914804933158,centro
7.079862546605289,4.577441487940209,81.64392532445977,5.615178802789628,10.405052149846426,centro
6.077957837653211,1.4936278679438653,607.3148058599955,7.443428022884402,8.826050712343548,centro
6.348734651630105,1.4867450368627537,862.2438660196708,8.894901916393364,8.418605481305205,centro
6.730361621338045,4.621980976882652,1408.3925699479832,11.168994948997113,23.533434515209628,centro
7.962939903482534,2.371071083287319,427.2287968949742,8.365289423115321,28.85226565372723,centro
6.499184455395899,4.310213254946567,1109.6903992220582,13.50003724424873,13.894725677261594,centro
8.236380567235228,3.0979466872992036,1234.3302264331724,12.049681846604429,20.9100234900697,centro
6.779277690223528,1.164797373768169,148.1191247550023,8.80455773204539,11.559963362572955,centro
6.646949954000043,4.429888741180935,1297.2025553566807,11.640964863511456,14.391666655432187,centro
8.273301005196956,3.1294568821850453,216.41486421036532,8.632409021254322,21.678648927827567,centro
6.680768316298423,4.024944998403849,292.61589080153755,9.918126875553119,12.307745531966688,centro
7.710582566280392,0.32678170399471185,376.70954842929086,5.6075229201543975,23.079803672869915,centro
7.888877846357621,3.7911923785204564,1363.9077194103613,5.081487454223339,1.764587076077322,centro
6.244180285015959,3.6238338576438074,269.3079016656551,13.823318668479665,27.78363363678139,centro
7.501292151084133,0.44300214839808616,1249.8841638161707,5.213369782800665,13.826866824987858,centro
6.206996669812816,0.5916809546169366,333.09887428691343,10.165548794621094,19.099358908455905,centro
6.973239035104942,1.91916475966522,1468.8619291642538,10.249271530813012,26.201304800364134,centro
6.72173434192675,2.8593613561359326,1291.978974434494,5.1017228293012025,16.891043248153224,centro
7.416011600742243,1.6725564437096607,1423.2814673073526,10.295169988848379,33.499719138892864,centro
7.285586096034029,4.222746992675352,1472.8807812210077,10.775609575687024,5.47109397481013,centro
6.761534422933426,1.6993748188403308,215.4388880875034,8.888170348350554,34.20479763982566,centro
6.72437863228442,4.079165624953089,254.0317156706997,10.73919422206342,19.73718483644683,centro
6.8001240025765295,3.3190226381090255,1031.8249276157635,11.733655208439618,34.632686668451285,centro
6.712101235943669,1.3351413508471066,733.1934534525813,7.419681629439742,32.14391397285453,centro
6.374793568371935,1.5770344787400636,677.5832032037304,13.38399422878533,28.963329288383598,centro
7.256697558072154,3.2922591732921274,568.8074847218905,10.998167427741521,14.070952591088425,centro
8.174740905155321,0.41085833738213673,869.3737030564967,7.275723064251,26.930490279754487,centro
6.311656703008167,1.3252321416250201,1016.5706946175978,7.038694634324951,0.4630084516852895,centro
7.800091341365186,1.2733531102302558,696.0353761757418,10.913274484106966,8.440782500771668,centro
6.629455739563411,1.7390460395109653,834.1509447290393,13.286899476170216,4.710169348643771,centro
7.0021285419091,3.069667923800309,335.54227145747114,9.175835283501986,31.68546496536804,centro
8.429455206802402,2.962038923297588,1294.3567270778879,5.616128474002203,19.480244997575365,centro
7.51678761595714,1.4826779064382762,1442.1966263878985,13.852104858622967,6.6545068211546985,centro
7.155014509110332,0.3332602028034498,1429.5732250246567,6.068381859582003,17.2534940079551,centro
8.368208349029539,2.59204010972602,1492.487976250629,13.825114043546511,11.555458261046155,centro
8.045036914806232,0.4349337995570507,970.2733462182151,11.055845017382719,23.787161383830025,centro
8.151826458140858,2.0422660653534934,290.63459817888827,5.730342606826152,33.10736254112303,centro
7.043527507871947,3.6171005684429245,285.23843838459504,12.245812866460964,9.518409578936954,centro
6.555269526176826,2.4793786753938543,68.28090396485061,12.406854245375907,7.62619828693604,centro
7.993238414448884,3.9345169312764754,842.5368559468276,10.927952194457902,11.806571309601793,centro
6.011580057511507,0.6069320907970321,381.5813304252327,8.263038169031852,10.113898372237047,centro
6.3833785077902006,0.7508450040852083,1081.9980683317706,6.9322629871701995,3.738024640082727,centro
8.299639041031902,2.6515106662457915,1279.6610299221518,5.762195076877761,5.595791717825448,centro
6.995421733977358,3.87316890318894,372.0100125053148,7.953615345178508,13.766223463481605,centro
7.130544852224518,1.4641101835048236,92.29615728563348,6.991148268014576,17.617079571215392,centro
8.053143261680033,1.9723813928501766,1035.4494824659064,6.04924767100127,12.095285505478458,centro
7.223631900693908,3.400703858801502,1247.6684084267185,8.848412003330036,12.480866159517197,centro
6.349430941565724,2.5471106407489486,145.25754548383037,5.556276146203004,32.02505382116345,norte
8.227857784245177,2.0207016082551648,1097.1076914110636,11.296756126599096,12.440376807742162,norte
8.184725193906289,1.6409637680465576,585.4571168125345,6.467172024333976,28.178405921439722,norte
6.5040683001193615,4.069851347530094,407.5752707181357,6.465118902856064,25.98022810204315,norte
7.550331494503842,1.8662589581467004,344.67348207482655,10.461622599861252,24.32335917700667,norte
7.43618278294978,3.4608067084706597,627.1076747840291,8.352580383981193,7.6872225008099155,norte
7.314225455756715,3.017438332982274,839.5205907006044,7.0040847121077645,15.569835148963929,norte
8.234731457627394,0.5486809933875175,1076.1959578879148,8.869618578018395,16.125676008458587,norte
8.252895026227472,1.8323076743569895,1472.4316983358933,10.335561624572993,25.979498728830038,norte
7.493532755425771,2.1700968308693764,1402.7410507260245,7.104315497837577,29.576387711382488,norte
7.433594720308215,0.28543428044657426,89.92824381072495,8.243841444273375,22.46368308805024,norte
8.46100545175888,2.8033004720808545,163.76093365982973,10.604780629158569,33.65427562481482,norte
6.228955183316585,3.2847757813356977,1304.678850417923,8.97896331211748,31.40890614125552,norte
6.342214075172018,2.2009949897774526,795.0889730998132,10.95546814379561,21.812363057380246,norte
6.228015257621726,0.20786429525196048,1146.5097402277563,11.86072362050864,20.977590376475796,norte
6.194336592412462,2.3174702190028618,1305.0868611556007,12.974840917818874,4.66137439836332,norte
6.310743058713862,4.918394626317068,1278.2381991266543,8.985183228893638,15.234179787979384,norte
7.9996381398682885,1.777465052206787,313.34025324707386,7.393356055689069,30.831330619066335,norte
6.406542348362228,1.9941139044845024,208.43310494895104,10.603674802387921,9.996909599678508,norte
7.711827931384699,1.9009780939292853,340.68804751618404,13.076292792118387,17.368372766528488,norte
7.063033761173084,3.9709866563854215,587.8644618287595,13.912990734142834,1.7362067922318962,norte
8.238808071240502,2.3731543787490694,928.379911706401,12.259985477241347,23.950998712387065,norte
8.26345494104816,2.9267718219837606,1482.652150925608,7.173468367311811,13.374881619139924,norte
7.354085536652168,2.404864449430619,1478.04468400559,10.935553834861944,7.944248881503236,norte
6.644719213583006,0.32426797241484173,620.1330414904872,6.083488209101802,32.17228108688038,norte
7.7454042850493625,2.5954089256810904,1249.9024370541395,7.578675940344107,20.975475045223604,norte
8.375593384552007,0.2852736057562716,470.56602134553344,9.769465282372096,28.551088321914232,norte
6.228216691965334,4.341356402566293,708.3023507343665,5.363157441737298,19.4156131148824,norte
8.435987019165417,1.898928900896149,1472.0720481959727,6.769882264576628,9.146655625988432,norte
8.37651786734389,1.348748057584948,754.1050645061268,5.201833002458496,23.465201682892115,norte
6.34839018518206,2.899918937140656,906.4248592922247,13.446768051258173,14.831954197582318,norte
7.8271686880091105,1.195900521079628,84.21269873601723,7.349436736113633,32.224199027251686,norte
8.087325591998248,2.8074229397976187,1008.4706686586144,6.630649511450745,11.974641003916323,norte
7.046926312230183,4.991737556964749,1385.442055590035,7.0832769238876825,15.762263502327748,norte
6.93717644880926,0.24106019430278014,341.9025563425282,11.346252310135071,13.860033823496533,norte
6.6556601107495625,4.703396225576703,86.53045024088257,13.138189622668087,15.635426404592419,norte
6.573128488081604,3.4406735304327105,113.65491683235743,12.388829155692267,0.020927859217835798,norte
7.475576667172717,0.6767704113884276,625.0028388854466,5.46164464083094,22.696259491508297,norte
7.8809363235942005,4.669375087639525,612.5808019229607,5.129433014648765,6.197878938905144,norte
6.993218226400918,4.776673432519641,716.5140620838588,11.597000965003609,28.660424468216505,norte
6.266495632834429,2.290934433689463,1072.0629645629035,7.018867029681736,23.21587483264007,norte
7.805631420982666,2.1880156202769596,290.3371807392261,10.099447330149168,10.77367025091417,norte
6.187844454339522,2.414844360426776,1234.8358059225984,7.034711639095065,29.368489457986403,norte
6.877287531380197,3.195599689077502,505.2517401971616,12.779899221815278,6.266107310455433,norte
7.238728290515496,0.40300756878562327,1452.201149121412,13.37358578152393,5.360057502938467,norte
6.276579342388018,2.297233842029933,160.54686606166848,9.92026113864917,0.2443791658121841,norte
6.348180181658468,4.879368774550269,1380.3544725413858,7.444698631469327,30.150599010746348,norte
7.236050761756454,0.7417160048104443,714.8583628787414,5.35044215018899,25.502969948281095,norte
6.6803628430749065,3.0511257473882063,851.4252597918907,11.77221503827845,11.957438944171063,norte
6.292667541069014,4.339591472600111,1338.1853248475877,10.282428559030164,27.912991585377004,norte
8.17149782047365,2.034539803614353,107.21632269180401,11.009845324428376,5.555786718100833,norte
7.550181889821284,4.797883221605167,731.482988829008,6.661692116126323,0.3468743421903775,norte
6.580531737867044,2.0807699908988075,952.4997802706952,5.061901659976844,8.145492212044314,norte
8.036436800578455,3.1194791814581926,737.0242511770226,13.712687433056601,2.3661662315334104,norte
7.307663561922798,2.130416919451857,1438.7952114328957,9.513661643151497,32.508278624075984,norte
7.797614762960613,0.9223812656681968,1104.2323043423157,7.757895404330345,33.85449166296042,norte
8.27112640333407,4.475588703532682,400.8668389597158,5.940090662901363,13.190340812151598,norte
7.734871111167751,0.19213174481162498,122.46959155653417,8.595669061282413,2.3865316917911943,norte
6.29704479067018,3.2944273511632858,632.5792609487702,10.83775061091934,19.200594526914095,norte
7.681296140192596,2.2609951414171765,94.88589683304812,7.088163622779296,11.738006217611185,norte
8.076548519469323,0.2889028049818332,987.3651753749992,8.059746774139233,20.86175405163326,norte
7.156699464174016,4.137689477834371,580.2370849789884,13.139237974944715,25.155133964177082,norte
7.190126005497749,0.13098354266032397,769.5751916794243,8.579159729897492,14.948676587612013,norte
7.8314302430256255,1.3653540498640622,1189.9981957785342,7.477152629333075,18.376726908588463,norte
7.333652729940804,2.4392702196318123,1340.7046492242212,8.078968587772346,27.23162072691197,norte
7.883445463147354,4.190576448240551,332.2045632220643,11.435901451553299,27.970528988667372,norte
8.031998918143756,4.3407112718875265,688.6399579530149,13.830061170811422,14.33855042523817,norte
6.028384111918547,3.447633755157806,693.8634363431942,9.503235015940046,24.221769356391068,norte
7.2461054973226435,3.5437234887148823,713.6644274809763,13.996019329253947,5.910046217963825,norte
6.1130466752654735,0.9788899284177305,958.5591410851548,12.672926791213735,19.268608820867897,norte
7.533537989839475,4.064928693580468,140.5635107476536,8.017511450704662,6.104324348902483,norte
6.910674652620188,4.001782539111808,450.44585884030425,7.571368108948013,6.398468598872907,norte
6.164271598570881,3.642453385808066,304.07156955344965,12.502796094276551,31.061412907450883,norte
6.136904097055078,3.1233178442713188,63.10578016497366,12.386265446901014,31.086697238145643,norte
6.442526210691867,1.13328201113494,1135.53558948299,6.667433198449913,31.823844305294735,norte
6.712737921734618,4.087248542455958,507.6596484568575,9.041348911371133,24.395845810150483,norte
7.184904100657181,2.8919345850320455,1174.2519180845466,10.802707237191367,22.582650154563236,norte
7.10190686734557,2.7251345944846914,893.3523248343306,7.298027363869197,11.71761646617377,norte
8.241971024765029,3.6216940856437057,257.170143942147,9.406620158452203,14.961328485834118,norte
6.864168208309658,0.5205482469208317,804.2463438505891,10.21383019995744,10.926640779919529,norte
6.997506759675326,3.846115739190668,67.54951932535576,12.411970039506372,28.68687043416757,norte
6.379756733780736,3.5879888282908814,1085.2313171345552,6.767772942848156,25.525843016702215,norte
6.322199304776623,2.0215938405214606,1039.7949707739335,11.862022628073817,4.575106325641506,norte
6.1896583202716595,3.4757227702379687,154.0749190284439,9.08590920079729,13.774436763721043,norte
7.609998858097539,2.529263464759145,1344.209429855388,6.411314347851251,6.884086905948807,norte
6.390381493415476,2.7111860274592416,740.6868132865933,8.772645883119091,22.49782746772082,norte
7.147839390595653,1.1597354805798772,228.23498377481198,9.348627769823016,32.709035825043046,norte
6.427218968475165,3.20486038672666,71.30541354968307,11.954942776985712,32.97203768210084,norte
7.1801673627749985,2.3026974863707,106.4484468222178,9.955970414967663,32.832244884884595,norte
7.230290732698846,3.035470180443904,568.8304219646459,11.67477306652438,34.17963581630165,norte
6.40170343314889,4.652976073219581,994.877652692051,6.446116262406607,29.35988516664241,norte
6.6921941203680095,3.309195949246893,442.070265257562,12.606087663464313,30.64210276385638,norte
6.818743380444786,3.1179284400137988,984.016371140078,9.196694716458369,4.609041620267246,norte
6.561512057349955,4.899851646794254,747.290712574363,8.428921463015598,27.875419653321707,norte
7.04731362376137,3.2823930366575134,1383.319985751272,7.729573017643546,3.0606275629959905,norte
6.050177994444316,2.699785651402798,482.1757025271926,7.143319882991267,33.101239577907556,norte
7.118530917058637,1.1732104092772677,1016.2588496883993,9.375174366934317,33.33353633395536,norte
7.580660719798826,1.1230780592192597,588.9998962833977,11.15479806651809,9.589583481449013,norte
6.032736141470834,1.8608351191875667,619.0643700327461,9.784149374180581,33.447731354327125,norte
7.279193605289166,3.32455862243609,56.326740992948174,9.12491235128818,28.08386106937714,norte
7.614793103329003,1.984907585371417,357.3913793130542,10.536162264870798,6.621852733662421,norte
8.238017094217998,1.7378576211949104,1070.5927828697802,6.368437106820426,10.922241562820723,norte
7.868677345334391,2.6791384223654062,1046.177936429702,12.83602130712966,17.520276110079095,norte
6.922284098924431,3.4500244541033287,1447.9137039106567,7.369226118662101,23.8889167568505,norte
7.488462543300109,3.2290540632760303,569.9387692110661,5.616054073094151,3.803888878114223,norte
7.211307462977553,4.788126422526901,1369.4175585888684,12.866645959746666,24.161299641525513,norte
6.833747929227861,3.075064840194333,969.8273488639463,12.251430731013961,13.196887585059459,norte
6.524763982738964,4.30684998181718,327.80977131549736,10.515162519828593,27.13320886146696,norte
6.512849101205018,4.5946326681977725,197.6153402768285,10.955999592244748,21.968410700558305,norte
6.091374169620237,3.7752096437313916,370.23653529636294,8.191995844865746,5.110735675393689,norte
7.264721697211165,2.5611096040633723,875.8326803723003,10.353626415517187,2.1079430715104106,norte
7.671608049811077,4.112402818171804,599.6863705743075,7.132399924159838,10.439535898194295,norte
6.5549304048323735,2.8251099642950805,319.8970517423545,7.082425727391632,28.83991781579924,norte
6.519715637865068,2.7711325706600833,235.40686177250547,8.881715357069131,0.21164651143924462,norte
7.126360338275234,0.9071917384781347,1142.4704872726052,11.065947873311574,2.855122396397807,norte
6.618370254357994,3.405589269824914,257.13291658621597,8.197877736264989,21.53972729372924,norte
6.0663305096845495,0.026148067714563683,1160.0427882479983,8.411364368447316,16.9351076602509,norte
6.129558842056067,2.16248939165066,1465.2200437548597,11.10649971463374,2.5677423610860934,norte
7.768096585783496,4.7825069914974,1199.2629186181557,7.667218521619596,4.334610934703611,norte
8.499294183215326,3.0516689165545916,1251.2804842012197,12.18463877488268,6.952560191409202,norte
7.475737356287019,1.5280210774510743,384.1041600701574,5.353424728174871,30.95675546588657,norte
8.30624845294324,0.06054237617443725,325.65609218640503,10.111768675844726,22.2217330703607,norte
7.741627059692231,0.356283638826293,1472.707863305327,6.552714892517258,4.287425168809623,norte
7.485326788380338,0.30133695144780426,1054.1720257288066,7.064291993339051,30.158270964468535,norte
7.412832958973023,0.36042167999336683,952.3977336950069,5.929385079875436,27.4106500823294,norte
8.468190323287361,1.2174114828814964,1047.1969615243129,5.639314001396019,6.8703005808873465,norte
6.217300720218559,0.18080190262381057,352.8799498074874,11.925040046738424,1.8772177032290793,norte
8.165159723751021,0.09116291338180815,790.1271090561368,12.352765165446531,21.898866929147342,norte
8.33029570620903,3.5816169403134115,155.96826493917172,9.790626883563089,5.750039514534325,norte
7.52863558858662,3.4011388960417666,426.335585605331,11.649800094197294,10.417759714889815,norte
7.679251711014642,1.2828139185068188,939.7259656443147,8.083806318702694,9.914954122240207,norte
8.155909271866863,1.0836990004538782,377.7420468331996,13.005673799393868,26.600194073673446,norte
6.21377132713617,3.9189589224269863,104.4780810784157,12.60199318181202,31.878919264021032,norte
8.13045375079635,3.008059100731656,210.9472432474065,6.234336393374688,0.704824713225144,norte
7.959132531852857,0.8400710387243171,1363.8609530921208,9.842204348275127,23.62126210689542,norte
6.577686991470179,3.4444265102504534,530.768813647431,9.521845584497388,7.143068140451609,norte
6.049276344385911,3.1814567698962404,350.25992335574006,13.623062080274904,28.03285525395006,norte
6.260271454961434,3.80560768521579,153.17951350147757,6.9840140382087705,6.305552670641673,norte
8.323439972818964,0.6626233637092421,539.1510428151844,11.096538168999855,27.142685385164977,norte
7.923732332979842,3.031264688754887,764.6536474487976,5.595486699509964,19.049006795533778,norte
7.474794217136583,2.118691268243814,478.17121636951777,11.52505468669207,31.40850011123002,norte
6.340928688966924,3.902627576219309,122.82771662276195,5.512808542976314,30.791334080302025,norte
6.595456952616816,1.233394322608115,643.6475041346765,10.71872921175719,23.93545437181612,norte
6.5324104037722766,1.1843527948724102,1075.2753920367122,12.401430900668188,10.05274232218028,norte
7.550773878383662,4.500115616990056,775.9051887021059,9.136256514922607,34.893229609408436,norte
7.887843139184048,4.1993065143336015,161.4500091504371,5.740450918493557,32.61091411607779,norte
7.0635910965410424,2.5128303823172122,912.9409286132383,9.72262073895289,12.50173168975657,norte
7.008707165530993,1.0602241995411332,1434.9170505729671,10.615986369760842,19.760672362671222,norte
6.283095114601888,0.4919782485669866,1091.5802042894059,5.474887320736424,30.087587087341227,norte
7.440720900417033,1.7662570425103208,1418.3673095893203,12.368662065356457,31.83003262900568,norte
6.381347607285654,3.687541797295035,1366.453250980448,13.444841557861844,2.4687473157534794,norte
7.300408752779983,4.757016711033285,555.789774255745,12.234244014351276,32.64635286711096,norte
8.191914091904373,2.3800906468438328,400.7452764636893,8.904595305697198,3.4078412826927384,norte
7.115014432394889,1.4109353734660006,1313.5503495767387,6.452306225495448,20.905933241574914,norte
7.263130931119643,0.18335713466771486,643.9618975980865,13.990033508299616,8.60466048726901,norte
6.808007330051888,0.3806542974515009,1340.8741768758132,10.551052470672872,0.5685205123308795,norte
7.9249838827465275,0.8374129112953488,367.6497731976938,10.83486206706886,5.021430995630702,norte
8.357274259781299,3.4162938182979796,1093.06275243528,6.802538160808633,20.771148394665335,norte
7.5572261895475,3.1821512477181835,206.63734348950248,8.379220356198504,15.147001951963661,norte
6.21336866248442,3.5323786324345057,541.3479415411898,12.234330906741022,20.848793845653535,norte
7.276868256443914,1.2987689188016311,669.860047484892,12.546426504587224,0.038923296866559265,norte
7.3283865789203695,4.681061231218449,879.4705328854863,13.974641185126554,32.8849006158808,norte
6.569837906354854,3.2762099031951086,1476.959962602922,11.594601273075487,27.726691818058665,norte
6.275129811319192,4.04758037362439,655.7534199488946,9.130464649371383,31.509243892072465,norte
8.432526386881115,1.9879719898139714,486.8346281020005,7.173831575315136,12.768786457272954,norte
8.018600387910157,4.443740399344886,1215.225126390226,7.437256952332753,10.267369750435344,norte
7.290750870752988,3.570434660662139,176.28451185386865,8.352799463835957,16.689360720659355,norte
7.09742855176409,0.4005742319233757,785.7473111408228,11.504639770149243,9.697423739968988,norte
7.583509391276059,2.9646996742085157,998.7242008711947,6.793433028201207,21.031920198068015,norte
6.192449774571982,0.7694795316992753,1476.106135437072,10.519625163986412,20.190842045892296,norte
6.391092606677715,0.4081499101529479,661.6508588813055,12.240451781886401,14.189798879870423,norte
7.786489806750156,0.7977234005659417,1085.3473344769418,5.598169931986449,32.75780368869958,norte
6.623230572872187,0.8694762460974365,509.30443174791367,8.909629871059488,23.23385661984538,norte
8.387163201657986,4.879326279095657,1244.4960571208774,12.037639794421633,28.338626269306125,norte
7.844742291739421,1.6844789588555342,1434.837741653234,11.765722931562564,33.26864873340431,norte
6.619327473752894,2.490978582265695,124.14630309104605,11.040417260417197,28.503537274406646,norte
7.068852545896374,0.9321913107212726,970.1445054479404,5.9170379078564315,2.8559552001693427,norte
6.101822005797425,3.2516284317346846,606.5663804152202,11.749800186068637,1.9097892898944635,norte
7.185434572718313,0.3609920448958792,225.48625070352992,10.374397753912717,13.41253780815381,norte
6.812958305066868,2.3370075562493486,771.8281366497208,11.121006969022755,2.0980155301457897,norte
6.777455804289156,4.723660111457051,831.1176070314356,11.310256349757264,7.6549861117288724,norte
6.433004674775038,4.341362527041903,166.26102041875998,10.691521918955488,28.717065456809618,norte
6.289672648812824,4.749805919751127,1169.418090649486,13.502626329047716,7.9195350501115165,norte
6.896164321360682,1.0912694393253208,1478.2350014042688,6.393457513379479,26.900346581962072,norte
6.317651281629712,4.002933495545414,57.98340878261019,13.71259230845683,13.870941892437719,norte
6.9004766035281575,3.4473248456863286,799.0303112466696,9.875848678408069,31.78064908975818,norte
6.696616160591528,4.336471004799012,1250.9614160339665,9.089108807608897,27.293730940352383,norte
7.904049038321794,4.404353795994642,554.5150467941417,5.576057119477588,29.79027573990936,norte
6.663005919204314,2.0986365846306114,67.98585260210645,6.491733592686987,20.409557668485423,norte
6.234186919570231,2.1616740052130097,189.97498178338918,5.751989037596208,31.427735270530793,norte
7.644032230750859,4.754317811252052,1070.3446673181538,9.634400149219335,10.771981685260219,norte
6.70193090610214,4.321791249198185,1343.8386223024957,6.975985309068218,1.9908489222176295,norte
7.78044805336884,3.468411128907443,1103.6729385019687,7.066383446785718,22.322094964595706,norte
6.5606732736514,3.974047743749647,1446.0750177573377,11.245546314591412,8.180927721286048,norte
8.28716097555112,3.85460922322026,895.06991087106,9.868145034542728,26.4688826997852,norte
6.925396750638611,4.223916140584438,1493.3843984773994,11.267868263324965,15.896428195784713,norte
7.629903148756501,0.8181191059583459,76.10950562065902,6.6132793016535265,19.05207106720124,norte
7.7297379942317335,2.2569351216483775,1217.114826420086,11.06280875727417,20.49556893554144,norte
6.038641541322169,3.8051199547149945,1290.759336064432,11.319314865636464,14.429790474108295,norte
8.416637047609175,0.16263089745625958,1255.4915958592792,8.707622855306917,4.21565689987979,norte
6.012653959615546,1.3681333314083295,473.7164341697518,8.952895411247455,3.011125496153012,norte
6.962744321504813,2.4076117575627505,1368.958888183059,6.038551779610256,2.1712867270073533,norte
6.013805292809006,0.21046594818180941,347.0778475185332,7.816166547922834,20.7984639558009,norte
6.792305012890694,0.6259289610127522,1252.4658590092956,6.0548351511221,17.707607901184545,norte
8.04305550050304,3.439428611504067,1313.2464992814255,8.211973776539992,4.491405176606758,norte
6.283683803101472,1.7093608301934304,358.3343457380894,7.602687016663548,23.53775419357772,norte
7.74253935248817,1.962467782033424,907.960885344172,9.268295188792582,22.688171408274613,norte
8.341824971841836,3.80513951251014,1056.518331589255,12.327131170320456,11.442935851783634,norte
8.023402888696284,3.474909430632713,201.12596407210413,7.2794514517044355,22.70678851557851,norte
6.966838365751343,0.534903194134792,982.1787695851261,12.935215506591572,28.43658373654601,norte
7.280232645748202,3.1590676350833418,303.5780839051411,6.435430362872225,15.543624491731652,norte
7.477232357970605,1.435190665874564,521.4008223759636,8.687039480383934,3.38256920007133,norte
6.80195016242934,4.16067088978871,969.5061005288185,13.343995659725845,8.410469320762836,norte
7.339436710186896,3.717541281458039,1270.098951972902,9.523681183671174,13.299267763788812,norte
7.583824276902237,1.6755942712957095,560.9436725839989,7.709414700508818,19.21054805399099,norte
7.754917193144259,0.7124777145075661,969.4508454956804,8.00265556253179,4.438840789264658,norte
7.580764576483949,0.644349337367226,950.3464228437252,5.19721995897508,2.9769734921234385,norte
6.919457831798133,4.129083752823814,994.1639980784274,8.9952750905574,18.006146470896297,norte
7.388002028998656,0.3391852955258595,1160.7939259761888,8.184102428627924,20.247237788026553,norte
8.467217341501293,1.4361949582704088,528.8118440636715,11.084236592472926,29.64105285501335,norte
6.609974108447709,3.1926297383204276,729.7135499235335,13.01769981484832,25.557760121503723,norte
8.112188277423636,2.2265262750133274,494.15457322840837,11.847661978377037,13.39744351410642,norte
7.707516933540893,2.461389282240174,673.4000622157148,10.957720503144817,13.922770432518437,norte
7.072485068437546,1.2435713629381495,86.89925186333878,12.60384212979706,2.7015635579263786,norte
6.970424815516305,4.561816728083455,66.97458555981089,12.166173054872317,2.08554840736003,norte
8.020993370291153,3.4814438793906985,556.7842395258872,7.486871976192683,34.59473478872184,norte
8.14603187960753,2.1544376183090295,273.96663347381946,12.428740977115533,10.38143687549826,norte
6.5308477766956905,0.1971340568425295,251.905788120513,8.176626531071209,6.77023700347689,norte
7.145632226228791,3.114832917817414,477.80902609852654,11.231230302149523,26.729229427261217,norte
8.423961569411397,4.3735083634209975,714.5359302165518,6.847996448361198,32.70515635637045,norte
6.173403252187914,1.1877166246193882,1107.3015569466995,11.25176863004355,6.456066787095917,norte
6.462136138813817,0.10634705425193569,168.50175133282846,7.378486368427754,7.053493230220949,norte
7.100381234349003,1.5764516891530516,413.9016589434321,9.668308949425356,20.223246758787965,norte
6.454562418017751,3.5278758625784423,822.0099892990648,10.591632041446491,22.45265684396881,norte
7.366775698358199,4.350494369504649,838.1304151468368,8.578511406975835,29.77010848052906,norte
6.443598859449307,0.6543683035917491,921.5575418603378,10.016034526157073,1.704319693997542,norte
7.300170052944527,0.1220039077826901,1076.3608909831646,8.118717511574463,19.748113583958762,norte
6.162628982463199,1.1500441864385151,722.7021056980875,11.758458185269864,2.8430372182335435,norte
6.085971302788046,1.5937625146603496,808.9168214928313,6.019731542547178,16.368842436970695,norte
6.760605607398844,0.9028767256366677,553.6478230753219,11.594291455312524,31.013013808473072,norte
7.837677609509715,3.283683322706461,512.3568865656514,5.3030876348701765,30.731172949555994,norte
7.770181444490113,2.4471248182157024,756.9782308264073,5.466522192077561,1.9838151258042391,norte
8.0054924518851,0.5523705656569733,425.0002105876562,13.685138325090247,34.27030442852155,norte
8.165440364437337,4.2459782578265965,1176.2303075850127,5.109410943296481,14.295945349296892,norte
6.67837257943474,4.9204173459964755,793.1288407169809,5.828602874742279,7.361149470002778,norte
6.797439075734403,4.353749506362557,449.30270267035684,12.002227188301879,16.915299973821384,norte
6.728072850495105,0.1697298929289942,1012.4950449546042,12.053838582356965,8.049781388713418,norte
6.891883316733973,2.088833910836669,715.8978225155892,10.612839004612395,8.855921932208863,norte
6.295412069054141,0.8176193629251138,1242.5124418190037,8.315124924149162,2.1714495934794003,norte
6.426310309218229,2.981349392410265,869.7288691288344,8.76500477692052,9.472537969361799,norte
8.345851142052595,0.7112468434359809,1352.912876778517,8.090480319598798,12.075589397359813,oeste
7.518862129753596,0.1850381735774631,337.2415675016232,6.790929250634932,23.49447888301964,oeste
7.324126445890016,1.5048178347340813,1193.2486477172831,12.457000381154732,24.269774481970813,oeste
6.29224510177091,2.6765506572629585,612.8402738841435,13.060065633186548,11.943555741520221,oeste
6.409139857164261,3.0760971911550543,751.9117510797923,10.356915507141872,5.873510847611002,oeste
7.900569649724217,0.7601242656432405,1171.0557171820737,5.092560463421228,14.663942082283354,oeste
7.50788027366597,2.049524448481441,550.7458307550874,8.536055980038611,7.1422535991310205,oeste
6.873023936531652,4.357684030761881,698.2305385193168,9.550707380797629,6.5323978929188895,oeste
7.8148891971755985,4.867444845886984,717.5194932427931,13.470087312803061,0.8991375704292859,oeste
7.029602285368171,2.2990021188466008,589.0219776141789,10.604205868548178,26.32400164439412,oeste
7.58275364318317,3.1045775888373854,862.6389149216379,7.940682878270367,25.55872163353499,oeste
6.566239437994845,1.2990179053207989,1290.8190254133901,6.444163528441038,18.61551182767558,oeste
7.65917791340662,0.12095881945677622,601.7506793113471,13.764203720214345,16.628511924210216,oeste
6.343802360364983,2.7063328933805515,793.3493920603267,11.166208788870357,10.701038510655188,oeste
6.9159046082342295,4.855291225826839,125.77392496473446,7.992105414338408,28.912263959189993,oeste
6.453082665414151,0.6069246971121445,1185.6376992830076,12.511146112300649,1.915644742374506,oeste
7.5296322368059485,3.4871013362341996,1446.921929609648,7.571824921334354,14.395639022318093,oeste
6.128564533710626,2.1482840636946756,66.55607600840676,9.948817064985846,7.209301255693658,oeste
7.649960115085447,4.686142436182256,1410.5419867502999,9.819984333917052,22.1338689762928,oeste
8.19300135203277,4.433021076202333,1188.5248375651922,9.238642271912601,4.169923519861686,oeste
6.897076210308756,0.6535518837009974,1416.9502626864628,7.219927542248659,15.068753731956296,oeste
6.805884612436808,3.204131573451031,224.30048222483555,11.651602783454353,27.477237236625093,oeste
8.10457194189568,0.31145899065031346,489.2278068081293,13.357675059038547,0.007946337638943812,oeste
7.6629930517405,2.6352073195582584,133.87445169838287,9.020430745326683,25.34102160705224,oeste
8.193348383452452,4.660140527550087,490.72228179904954,7.249612517578591,11.033380212730778,oeste
7.256800975231198,0.05515632214323607,254.16427589438032,5.5004496951241455,34.80156059400002,oeste
8.474900580974863,0.5283234213087196,1220.3755291790796,12.963696059264038,14.776728185823732,oeste
7.053561376481245,3.728668913656161,807.6397625741032,12.597910927575288,32.41208459363929,oeste
7.240915618003091,4.3636512524230096,1070.364680462124,5.45515793441806,0.033019534367088044,oeste
7.86622851279506,3.4024965103735654,458.20573770164845,5.017929216971632,17.434548024181485,oeste
6.6148943209612705,1.042552571786679,248.0713102942003,12.552623554822688,3.6890482088761796,oeste
6.1452090304204985,3.4613828225892624,702.122771553283,13.154783544331345,12.637615421936303,oeste
6.254456181551009,4.960790074116563,931.2405772664478,9.960439657247349,29.034695048906745,oeste
6.593066979339986,2.484817414529151,1032.829140449564,5.3142039739060145,29.004814433630223,oeste
7.514437048392217,4.596959866072087,362.82398480585846,5.4521870884068395,16.131441837230366,oeste
6.890241814744615,3.0029716668030866,734.8086160363234,9.58868608595412,17.888977347132517,oeste
6.8134992453981695,0.4119052280792135,1252.6222640453282,6.487560411286617,1.455263594630782,oeste
7.42694576167228,2.236012702524178,1003.1625491466864,13.195451454929795,25.2134399505256,oeste
6.907705740996588,1.5276215532901176,1283.0046016238484,9.595226817136039,19.21183710740251,oeste
6.709439764496811,2.7690112035618815,1242.1608358838137,8.063704005028336,29.27547673644544,oeste
6.31895075698891,4.684789115155314,653.9314262606246,6.840035352178457,5.8897505977699485,oeste
8.293283938655607,4.78307310541729,278.04615186058726,8.009610610898738,4.1783353968368875,oeste
7.8635986854608255,1.8006820373575954,125.91477927183499,6.536375269812321,29.71843069855366,oeste
6.919289507648584,4.718079600837994,400.7460509753165,5.172160697935583,28.347354710601476,oeste
8.37678576602479,2.7095047368917906,408.11925865439974,12.170132574722352,28.19013152549952,oeste
7.420771508338679,0.7552894589045012,834.01279113512,6.452265209498453,21.477326604628434,oeste
7.736741177136067,0.7945408383467678,1210.0050485573381,6.900133483022337,20.07471480093485,oeste
6.200584364154105,4.340283450537251,1084.1499807597957,11.52138458162866,25.38800600822001,oeste
7.025992067474154,3.950152181535307,1340.8117538224528,10.474875500069945,14.272231204215693,oeste
8.242775649881443,4.8443892764284575,1303.6172338078716,12.886874898280805,9.958948498692681,oeste
7.9496888646440595,0.6504312006531598,601.580796007094,8.534576689442746,21.59870805500297,oeste
7.516072649148975,2.443215952023329,1122.8609751120491,11.092467046971535,3.781559578174249,oeste
7.492107122292223,4.209667833959044,1456.8728091027826,8.835091141570077,1.374276807703108,oeste
6.25367885716508,3.416476883032526,456.0541278482097,12.72887851414525,20.494730507765567,oeste
6.606024331037701,0.7318699608112456,722.9379812075806,7.1098304001036325,18.219034305670046,oeste
7.269025946711137,1.9933151388615655,64.38954063536167,11.977196466514544,12.043206624730473,oeste
7.658754422770139,2.229513531883742,1294.5954313587254,11.735202682991659,18.94810473176034,oeste
6.699947734150711,2.4353095940946794,649.7818786320212,8.485902661777827,0.37503541933756324,oeste
7.391907232534825,4.310072411363112,78.0250648305215,10.092033993568968,13.75926293724777,oeste
7.371834473416465,2.1309065111798646,1143.2447602153368,6.443288655077689,3.6919199611362483,oeste
7.820471890509008,0.6673998620797189,842.3239583128786,12.35574780991913,19.27311607327975,oeste
7.087068346509366,2.482305761776499,781.9536175415658,9.050527754836027,21.008799353485408,oeste
8.423676083188422,0.8676225749325434,211.69270786585076,12.213011986006583,23.7706898911847,oeste
6.994638997614354,2.014900893825807,134.23333051650718,8.417763706273856,33.64958168747173,oeste
7.998539697422448,3.8275644949555487,309.92063726629556,5.751724232120169,34.13936286896608,oeste
8.455946542271516,1.523395695490204,466.7439148750906,7.529447751502002,31.02331266860496,oeste
6.158437426181919,2.1975584431645507,1166.7294070477892,13.52445316610223,14.5300978897461,oeste
7.453095553556531,0.6758314457741138,502.20259397948064,11.01081116030732,17.771524336599906,oeste
7.906146714351726,3.686785386938998,818.0065997211489,10.364737597144753,30.01357127131733,oeste
6.594093859980999,4.35921763872616,703.0089194128483,12.422689136123068,33.517107619540575,oeste
7.412102833156541,4.209992764450307,102.22728652256826,8.628869805199269,32.11765472665517,oeste
7.234488990910977,0.8826401600275413,1199.6389075990671,11.052144482225259,16.286792687882013,oeste
6.221231255129799,3.8359414446556346,720.3285634508804,10.432734805034375,28.64331486728373,oeste
6.063547816860238,3.8979223678337664,1206.9755314430463,5.0748794800447286,9.050705689717441,oeste
6.269728567483261,1.7506262958336505,624.1571853605595,8.90224513369353,0.9748284287376041,oeste
7.255487525828107,4.434624501046348,867.9073418086008,11.432779487995512,26.72305452838743,oeste
7.2714267279117575,4.638761415976065,1059.0537213447635,8.90618875437883,6.1126515063715345,oeste
7.927417949886403,1.1533490585887933,466.3500392226345,6.69686545174326,11.619002665754591,oeste
8.268916184815232,4.974539113232177,1200.228958135469,7.328404779398968,10.357621030281564,oeste
6.0561732708002936,0.4649531991156608,1357.8132852862675,5.2319263888791605,8.997194226622305,oeste
7.6588434300417765,2.16038441472098,1143.684211353183,5.293931547060463,33.37714127403913,oeste
6.571995413729056,3.480103090268961,451.51150669782294,10.305085905362276,31.163451229934314,oeste
7.451470875695109,4.640418201630249,1153.4614890683185,13.40374480701323,1.393400380601384,oeste
6.905984747791583,1.691337529972492,115.12138354364299,6.0677938916742225,14.47307856014857,oeste
6.440967466265558,3.7403658971476608,468.88316141829023,8.461499683808913,5.452064120305955,oeste
8.324244130856432,1.1190880741131153,317.12601689513787,11.42647451040314,2.4287930066464187,oeste
8.237068376069121,3.993916178868327,1421.2623131504095,7.5871549840752515,19.466674242050406,oeste
7.9090144853994016,1.9576284908891468,662.8123356697332,11.039838413773785,26.593828044993593,oeste
7.901962621542244,3.0386839743942957,345.4613657351492,8.591317858781913,16.748492947183287,oeste
7.133222086870069,3.2808091884053576,459.59417876668863,10.506479180928993,28.289387392569736,oeste
7.930611923241644,1.4815406022799504,1147.2896832485208,11.359668828908386,11.351528207303131,oeste
6.496789203835431,1.1680387552495497,803.1094962807091,10.490066753715372,23.676931233221154,oeste
6.352310562436907,1.1938857288415117,341.97748409716286,5.1359961579302755,4.408431873277539,oeste
8.038653571137086,0.08936967366706905,1322.8536133204593,7.439866283876592,21.110254204303146,oeste
7.928175866714865,1.9216332357984083,396.25450650323194,13.52060356031056,15.017182925593309,oeste
6.248603481898363,3.632308575565024,1225.7739424614817,10.668385889912368,0.8872011492378468,oeste
6.185111629335226,3.3982364134653493,704.2970490624327,5.953152239633819,9.657294303319139,oeste
8.043608904346103,4.790367400596901,1460.9633363098826,9.626858982961338,33.80413119014164,oeste
6.85454337924469,1.8397037565104224,377.88173031202433,7.776214533405357,7.20280319462976,oeste
6.949231020418168,0.7444402516622234,490.71664276978964,7.926900766485902,19.13370427140591,oeste
7.9997902134329735,0.800358174772865,150.06100928858365,12.975635949164106,3.8452089809274033,oeste
8.157758564688983,3.9317250720777603,89.39276077706174,11.628817055013133,24.232400715404495,oeste
7.558245317068895,0.44705501156129757,144.5466573277135,12.946944423467958,8.166648792726432,oeste
6.702336274218452,2.106785011385351,125.33703745368919,10.836543381068193,30.294683411027123,oeste
6.063465889150862,3.664007723831253,1181.5299793599784,5.377236950446318,10.496415754808767,oeste
7.021835427745241,4.203515140056,658.1995912381047,12.445719347635213,8.31191568092844,oeste
7.593893678388033,0.8351697304603761,1002.3311518502263,5.138554025221776,21.20989385448589,oeste
6.865864985914903,0.20975611715818132,1106.849091291423,9.200238087959676,24.193633232509626,oeste
8.00713362149503,1.0284363109777757,1392.9813992260838,8.15737198401514,9.946450349910506,oeste
7.656305710884955,3.0793159409115227,1098.0807396523014,11.340989852247008,14.96202589315938,oeste
6.837993104114752,1.9096981982644796,567.6925487565177,9.296153583101612,6.972689004297678,oeste
6.909074005948235,2.40293288663324,321.7473189414942,9.693041217501921,23.276959615232087,oeste
8.406118237355278,4.123404829625746,1237.6420950994013,8.34001644587115,11.99558238997675,oeste
7.4584794869153015,3.183348410836037,1442.9091144941397,10.191716430194301,30.65667237499631,oeste
6.9578463206237435,4.665566656717789,1057.1633695172638,12.815685715522406,26.21371028011395,oeste
7.297294263207094,3.2128259976759574,1107.0225394009337,13.338174181605664,12.494385031403235,oeste
7.243121264730964,3.390080762795318,1079.8520580038016,10.260040187816834,3.304661418116833,oeste
6.092217368386332,4.39314993177579,1241.3735016801838,8.31604027924921,22.742581636750486,oeste
6.128696878124973,4.2529086454712095,766.6080485129348,12.086483240770995,25.512872003680503,oeste
8.270664714916634,3.541814883575174,536.0516686877654,10.672224975105422,4.137651780188101,oeste
6.318721655829956,4.460423444701172,1220.0999617817906,8.09561917901917,8.216404760373996,oeste
8.116130729336295,3.9250827191852844,448.3205318194434,13.12171729957493,14.121833915944986,oeste
6.855204371789768,1.8794414257288468,775.8751781743259,6.479649761709909,24.723019888349864,oeste
7.424724212178291,1.6233796344502998,1439.0044755323172,7.699478627993203,34.7247473817504,oeste
6.0838310868394485,0.7502433234699213,244.69853380829952,9.435376260795422,18.84382427504352,oeste
7.6803388685146965,0.7930255264653685,255.85938515344117,13.42652559322034,18.91047923665249,oeste
6.779305169488871,4.22178541369808,61.37030661927939,11.614332626554049,34.541358088590414,oeste
6.117414916937638,2.10624026647036,1299.4518104916506,8.776646445261292,22.216044938641033,oeste
7.7575473972379445,2.4757326350698716,1110.6699109935255,11.641256540186228,11.323564436992203,oeste
6.415708421890199,3.1808868235411634,447.40380454617696,5.455602250421667,6.52469316988911,oeste
7.465574580041993,3.687168843607428,1472.6584110981419,5.60510762081505,33.36910077837332,oeste
6.045275459552101,0.20836450301192133,683.6440342151502,5.291991014424683,10.432317040950146,oeste
6.46642514721509,4.387304313151902,942.182136351213,5.123709986102107,14.230668807581528,oeste
8.231397496224945,1.3280002129435302,171.02292323460577,7.2353863433282015,5.014851054592438,oeste
7.478188589362324,1.4772238873871013,773.3987135771158,8.232878722844212,31.822074767227047,oeste
7.348355604789127,0.6475746064140209,1329.5037341906411,6.929658346938481,25.01515917257126,oeste
6.045976691368667,1.3491036006410717,1181.9159902670579,8.754740767081188,31.834196555424843,oeste
7.385445006289483,1.6711915934803039,922.2531249847449,13.081681821630097,15.179301596213302,oeste
7.1270984285103305,0.8705466766704217,741.5051543785564,5.453145742724179,8.643640844716238,oeste
8.313921282266941,0.9259778393373397,284.42358254359476,8.127669157823792,33.440686700332364,oeste
8.335917536922537,3.306853055352072,1148.0998003449363,8.88110482812402,2.7249781863069362,oeste
6.79500868742966,4.310638086327253,1452.3335921257972,5.562736661685611,24.42414749268095,oeste
7.628550970879661,3.9244848855573378,480.0118726985995,5.757148960334446,29.696512104219263,oeste
6.516053179401508,3.943074823362032,1150.5576596567998,5.9022100735058896,27.787729670814795,oeste
6.027489571646202,2.586345282208047,198.64814789638797,5.149332325693381,32.9347312901053,oeste
6.017380326327976,1.86344258506157,1328.7952495417337,13.563416391591085,10.353843412378762,oeste
8.250046604620263,0.7372626335314197,787.8913056070311,10.42204497769929,25.95695506081611,oeste
6.84403792850907,1.1009160097490567,814.7294520778806,9.89828569502328,22.179905991793518,oeste
8.180309772360378,0.4239600802290161,910.6633562992397,10.9284587485432,11.214045014907521,oeste
6.438428196558624,2.991126470318694,1085.7736218157465,13.772215364436963,14.065669493285883,oeste
8.097245216114835,3.8218633111086797,978.8920161458867,9.12136094990625,29.888000874964852,oeste
6.936350297118406,0.9256646441930982,429.47324141706366,11.054326947880082,20.019855739925745,oeste
8.056501401649147,2.8377042413077906,350.13923873571883,8.504644450809877,19.804769610963632,oeste
7.987965486921759,1.6972509627140302,215.06567054107205,8.32616779484096,29.002851714140125,oeste
6.677080628155186,4.074125568732561,550.5735570624536,9.178146677653025,27.42143460172437,oeste
8.406621036694812,4.0864888498124685,1068.2752107459132,5.075273136891714,30.629676651740326,oeste
6.3228985378787375,2.6258169183353006,1164.9380340560795,5.563083579975064,3.072588297035599,oeste
6.2429412344269215,2.909857009571994,680.1641432451321,13.061072998569008,14.024645839206332,oeste
7.305608150137011,1.0007512212240504,61.11284734137672,5.599082551228006,10.371403066493002,oeste
6.089855684491855,2.5885582169235573,451.3807462973934,5.681297545788087,20.833040645179057,oeste
7.972928096518346,3.9101404383519296,677.4572472285718,10.372196214919905,30.55651014553212,oeste
6.941158417195124,3.237373570773015,77.71833692315784,5.765931375078068,18.248195751580944,oeste
6.113615950853645,1.980863458046277,750.9407821610625,8.19432194789309,0.8819683187374372,oeste
7.668894346302568,1.3708033327990292,443.54360164773584,7.068440532178566,26.082515994179207,oeste
8.385127568146807,3.5452313086121636,1004.8837477215795,6.894562456988087,6.014031112518046,oeste
6.252806690306976,3.3343212877305217,468.1878848371813,8.980644249060218,32.28519992796436,oeste
6.702407973980575,3.477336033449311,1302.1439076460904,5.467904167799367,12.419114944010692,oeste
7.606048195515789,4.367116190408303,224.80970378535085,5.692745024427866,21.178133148918842,oeste
8.03617120647234,1.7961668469988283,697.3082987822942,5.7954645228606685,5.086434234717644,oeste
7.539625245130541,2.1274666722403768,1019.4303377482254,11.44757400762289,12.358601112843631,oeste
6.35747920513209,2.2736992781692953,924.2671708952192,10.228553418993613,23.714103181432154,oeste
6.7046369369334995,2.9647542571746373,1207.651493751611,11.29053945638647,17.699386032348087,oeste
6.071956690783347,2.0551423490335234,484.37023303311713,9.390508866896113,23.767331157347307,oeste
8.260396736234371,3.119296623382865,1215.0499777804828,11.993443570865805,4.834385259908654,oeste
8.193432679819889,0.05810269954050318,930.2798891421934,12.134823022155315,23.089159552566603,oeste
8.089950301280515,2.2615914225915006,1489.584416548652,6.959006596224825,33.98290873616165,oeste
7.4457003524904355,1.6323065412199593,253.03494145231065,9.19678780526153,19.3328148236032,oeste
7.851921544385511,0.3622344389727944,965.3959519833836,5.621413156831397,15.471169732589324,oeste
7.8946152761609225,3.5960088913613193,136.31081550426893,11.680278684791784,4.626288021385511,oeste
7.9894816735902525,2.4944407672567803,152.85171339397147,12.124023823322329,13.710985769679736,oeste
8.26588596273684,2.8530487331941483,553.551706594236,8.358103565801452,28.145794774435945,oeste
7.608220546105883,1.053310945028333,661.9496771850766,7.447514354766039,21.152576190016987,oeste
7.5552167505696834,4.3139853877161425,740.8336301984979,13.905060178685508,26.531414735392577,oeste
7.942867289818592,2.4858738200421366,441.8591535896357,9.09287908297395,14.7003851503482,oeste
8.283101381391178,0.19809412674178573,995.725176340935,9.820909394128208,16.70956663181238,oeste
8.16768079645026,3.8992549444667493,757.1172495008334,11.510992961194209,5.300131002948715,oeste
6.965256594501936,0.657838425636299,113.42165484797367,10.72736853380037,23.32826918425622,oeste
8.316469062903735,3.2098575022163303,925.0649892628991,9.4045328366593,7.33915971005703,oeste
7.307744610425372,2.177916574064665,1201.605460696638,8.61698479901657,20.14577000240287,oeste
8.025283486697951,4.300611985946023,607.5414250849782,5.089808989926045,33.40980751005838,oeste
7.084629123094933,3.6358453488315403,564.4183731621771,6.408290444032405,28.921928383256535,oeste
8.124118476693528,0.9057467476734016,1123.6903913326028,7.308167549150894,14.927491153465139,oeste
6.733979610661233,1.4583128935465162,792.9274774413965,11.19768466377088,32.91763835077909,oeste
6.293815616942762,1.9693220282707924,1491.0801639045624,7.477593921066742,14.095881966139077,oeste
7.231545234982174,2.9723816759308654,779.4717286307628,8.252634011604677,27.36618195489114,oeste
8.263376604890158,4.545162603328205,860.0314748531167,7.425606760630454,15.464179668068411,oeste
7.46078577980775,1.6229291495013514,720.8796273448206,10.248717238493878,7.353751751932313,oeste
8.465002659557177,3.4631297611308227,426.03560110978697,12.23972653709726,6.331216548261441,oeste
6.600364046945483,0.6821987627836656,955.9366010446336,7.954097951105055,33.79736413433802,oeste
8.095821761777845,2.4293587959316283,1216.4339511352823,6.50741980184697,28.355638148589588,oeste
6.113260024430112,1.8551938149230134,574.7839867149042,6.820287624720814,19.41404586759285,oeste
7.151946920081814,2.595298954541352,791.1372518939833,6.645540018819354,31.394835127754387,oeste
8.127841678792143,0.5865409448119724,1020.3403812602137,10.450741003910704,11.87568435583486,oeste
7.049000156069475,3.2935388775043806,972.7819867659402,6.262920663741635,3.014624867228812,oeste
6.631092360860052,2.2518546812909257,612.0907679106882,10.645960415816102,17.869964305497625,oeste
6.283893980499073,4.029962748875791,162.59153527382733,5.7446315205637095,0.48517475695010415,oeste
7.579593030424498,2.65584764000516,782.9099209701524,12.053644259677128,14.377608349986412,oeste
7.678932988981999,2.7511327107813086,640.9373949970247,9.360841955720097,22.728258708281786,oeste
7.613680739767919,4.840967139573609,164.50528517670148,10.546704373331517,24.57376089398274,oeste
6.4881074694951115,3.2583341268794253,1018.3167906782894,8.519295822146589,0.7326941239356644,oeste
8.408056348601528,3.9119274202913674,837.3856467386116,6.527555857192309,30.78605238491167,oeste
6.798284093976037,1.0292060501838414,1047.9976418813437,8.700723661951274,2.6865321661058306,oeste
7.877177669478743,3.0857249330201504,986.4424601154021,7.241078624981809,5.946047562667005,oeste
8.141224602970805,2.893377042861967,1374.2660739855432,8.823657585812782,20.9497047626216,oeste
6.673108077373453,4.962417510791876,1428.6204262104402,7.623148221444145,26.31388010848384,oeste
6.115006605054382,4.873965810733916,216.0070751955624,13.013685654973957,13.333314575821625,oeste
6.883380570065132,3.3410639927750814,763.8719460017138,6.901086483256379,21.353777271268214,oeste
7.987028258854121,4.470496018395672,1127.630138160825,9.673021137021845,24.560839585704002,oeste
7.45914027962718,3.0974517300480726,887.0545923880403,12.766971482229849,17.08621863587849,oeste
6.528620017491361,2.604789886360211,1183.6446018501565,9.21262148810861,30.047725909304408,oeste
6.889931696628154,2.7768177546881563,423.5304694838967,10.584264065467735,9.811716339299437,oeste
6.299405329548128,0.4456221605800831,119.86971797027954,11.84518078209754,24.676431722375746,oeste
6.257809672089832,0.8352095395047493,543.8760415428729,5.605303225706311,4.31493227546314,oeste
7.483981133885122,0.6385674181761741,1437.359732452215,9.385388186900457,23.720313442046216,oeste
6.3350380711266014,3.0549049442549587,807.7360690382804,7.462763760746945,23.20595213031016,oeste
6.076250624847623,1.9846163810079802,935.631103059864,5.6027625082274435,18.909761261559737,oeste
7.815228334306654,3.545302597254582,1401.0428931775837,6.981001933142778,28.99535348286468,oeste
8.384821442506468,3.8829842639587087,100.27188675340082,8.860499000871298,13.857802916858244,oeste
6.625607245411488,0.301760419952819,645.9805591350414,11.955286159613037,18.06991547191859,oeste
8.331821208385033,4.777618479774674,700.0626302856622,13.778088201311634,3.199769713599836,oeste
6.736122230173964,3.9826864548808816,186.09306299386648,9.792536597743837,13.224372480451533,oeste
8.193680033817632,1.2906671635056377,674.9285697442796,7.336188043475443,19.810644871073734,oeste
8.1325236386684,3.0832515726036904,216.65284573637192,10.682770290965387,33.92626342994626,oeste
7.373822205809339,4.825593482180228,1355.120615373897,10.57573580032673,13.760149532290532,oeste
6.930045214481958,0.8487895254377037,674.2675407702009,12.993063700406323,22.59502634995998,oeste
6.143896900041611,4.933150614794235,469.4049193603491,12.53407665047587,11.037731014314112,oeste
8.183946560266943,1.6650095652909895,508.59171710749484,8.306516558273634,8.69889373245991,oeste
7.477083151422526,0.3928924857751037,334.34168347066975,6.831254682478363,28.105415853421217,oeste
8.302181001329533,3.3474347759909504,197.7439626957196,5.783154964725099,11.092991761854849,oeste
6.15269489963716,4.970696806105837,572.3391822606204,10.011064198353692,28.308921322208942,oeste
6.705086431428266,3.8673656284330034,588.20001398456,7.190570148966774,33.592685714169754,oeste
8.409049942723133,4.604239239078434,918.5188368569553,12.834742696424458,20.459008964081036,oeste
6.461302548390943,2.3260280614185906,1193.9520840752105,11.054881529712201,30.003082807942686,oeste
8.056343107307923,2.6680127336343924,686.767234118935,9.185085657737847,0.8381192844669222,oeste
8.424697066769097,3.6922460462566327,1447.8418283899948,12.011923277562081,34.70364715395853,oeste
7.031544192278567,0.3674837366500633,291.9472924631916,13.081272682618993,18.944453882958733,oeste
7.650493441794328,4.3589178329610085,931.4625604315204,11.89863544579326,23.528774055296815,oeste
6.82166136342479,0.610549570050134,106.54421823362179,10.889078049434477,0.84017656957111,oeste
7.257840646450219,4.335157480612243,972.3392672938362,6.934213733327563,27.454191562447907,oeste
6.098280349602748,4.400395437807291,1267.0408139162034,10.141344229433876,11.873423141084272,oeste
7.31925277271575,1.6351658078161935,823.4106117097757,12.543394774897783,23.422666047370335,sur
8.482411990298251,3.3379669278179236,1311.455281489143,12.225298413420504,16.933088895122655,sur
6.732869325652533,3.0799272513008953,831.6871014672126,6.317926309425345,5.1507137883230865,sur
6.0325048087768405,1.776922843428697,666.5808688846562,9.862668786112765,3.1415825196054996,sur
7.822517920102468,2.138865668679312,1312.33871631671,12.794860702505224,20.13757105951845,sur
7.45760390242423,0.17655677470119535,654.0204512993237,7.260523407935612,10.768768131728198,sur
7.697755797861224,4.130338151262642,775.5816612797918,8.869866927089538,8.831015764730354,sur
8.07554966141748,4.000354843495797,1168.1280829852356,11.09694264105465,21.343446654184095,sur
6.693452957452831,1.1363481363157573,1154.607377497661,12.928757050756918,19.85868304546257,sur
8.138651460027518,0.9977122546457257,711.5429379855359,13.174056398302906,20.981139888055083,sur
7.31097567331895,0.8871438473485344,1428.1657973341787,8.361121506194348,2.416292791898122,sur
7.783111968057487,3.2482332449618423,1448.491148156177,13.618229135754357,11.946152608251824,sur
7.001907652188315,4.923348697622541,683.0905751647108,5.952868863918164,10.979609366500467,sur
7.399100828270544,4.6869403324855945,891.1288102707092,8.194079151378986,22.247586268341465,sur
6.298985614845754,4.713658870675628,1174.637183841725,9.052288215286012,25.695294066457617,sur
6.454820326238178,0.8240740786471856,1150.2255679481216,11.082406325936663,5.197737357528828,sur
7.180537312904873,1.1583585069172169,601.6090108859654,7.277913852616479,1.5748887432398528,sur
8.218031856440817,4.955843130684883,1242.049582870327,10.246334511238368,29.730624217900743,sur
6.933273290699383,4.088926649284725,1346.4367386732135,8.557333838880421,13.374322306099062,sur
6.676861682858885,1.0675568315533597,1422.361944068088,6.636009804956258,4.629405028446859,sur
6.992958824046137,1.0201781731444943,999.243495955634,8.85612113463916,8.428133562561063,sur
7.1391418819642825,1.1877206543716374,464.3861555125118,5.76108840287514,9.140685137880109,sur
7.82401544584516,3.0670569460535386,202.93686493711434,8.673365217800283,4.584081004796093,sur
7.647309854775378,2.5418027345814,346.78615813306175,12.913971941106265,24.36279515484637,sur
6.158895875715059,4.395591537810823,1368.3692984992622,10.288272839984618,26.147739349516012,sur
6.827245062131623,2.087903878924642,722.7004963778825,6.823693707218089,21.886555948405885,sur
7.679731858996821,4.366614579304039,1289.793792348906,11.583377237328042,16.416426163135387,sur
7.183679426951414,2.3131147836965815,152.96111357322042,10.209260790607464,1.6926948867073306,sur
7.1363526619194335,2.722445489804248,1418.861036046827,7.4931127189338085,19.371512167344747,sur
8.423256339047747,3.9890682442931724,230.99018025193004,9.396460693939147,20.782322118020826,sur
7.384635711003302,3.811425673883079,1196.2392016985832,9.823415709669064,12.523393726745757,sur
6.607930477498635,4.9590497567468175,1261.9475954702482,8.628895698654405,24.151641094330735,sur
7.805667329639148,0.49589049793607953,531.6769980176266,11.77158094073409,11.063545904143968,sur
6.184491411838497,4.039229709706293,239.44589854402122,13.648281322359422,14.643633668241673,sur
8.376028710191397,1.9427905063517286,903.6607070904138,5.285693888356898,27.307442698747174,sur
6.2445854016275035,0.15326251102903032,657.4742957718394,10.887194633250864,7.571647217078946,sur
7.583695549565368,3.211627629526137,1143.6599765390172,11.19241001366716,26.036681555575317,sur
6.714280215704652,4.885870921106586,622.949727733262,9.096547925602907,4.655342961756507,sur
6.045554564128874,0.9048847635474488,1276.1263263353649,10.357729393347402,13.534746996539226,sur
8.286029864812399,3.678315571195949,719.4884085290226,6.219135831152217,23.58146804244314,sur
8.372213843133334,0.602834428886394,1459.4077279657288,5.9123560779784325,34.74036284207172,sur
7.765605567891241,1.0092672606147417,835.0410306539985,13.353638883025564,34.738011705668995,sur
6.177971621150572,1.2361553720158853,1025.8016024719268,12.334457556864852,17.90976064901453,sur
7.7524228286478,0.14986794936338976,614.7487476085095,8.503074245226095,9.821028463327059,sur
7.845084041065926,3.92825809040116,1220.2528106067193,5.354526503235375,26.227930282573492,sur
6.058179839339565,2.574086769648451,1194.0284818851503,6.689501651230269,29.370131282476336,sur
6.613372774203302,4.199011428178086,536.635158691272,5.25787184819889,10.216891072423254,sur
6.889181791162373,2.938846804310991,1066.6962993058767,12.086347623343457,7.5611004137575275,sur
6.116126031799994,4.144577370753387,998.553172137408,10.69053938273876,12.616607679954386,sur
6.742804289057938,1.811177208261442,865.005551883728,5.3623220270830885,25.029375693591078,sur
7.481036422155106,1.5955023662162782,421.9685905441593,11.043312338004863,25.828283158915724,sur
7.1401749605425895,4.721332445567169,657.250312657534,5.509270905320441,23.558224581892595,sur
8.342074348311895,4.158485218378868,286.40123855080697,9.89778796253332,31.42843256647567,sur
7.103826253433443,0.02469990467204808,218.40149229076212,10.07055815641376,8.292339786385321,sur
6.5373509464768915,2.5903938311940773,1114.9437015096075,11.384949781705773,24.75476191669835,sur
6.973004196835408,4.220852244845986,578.6609058864329,12.722209439065063,33.214323346645045,sur
7.8299848545285125,4.364729179382041,1364.069141755503,7.254211089132491,26.605632542655567,sur
6.902434742350067,3.7568754301452283,240.98679143968567,9.432818426428604,2.3954248234919144,sur
6.027094128700746,4.028350764750266,365.94420366973566,13.978654676619408,4.989479426159046,sur
7.886357185211706,3.533886084427229,973.5083603093777,10.190321589719808,4.443054481424044,sur
8.375154917627013,0.5595980969886394,253.80180298862314,6.170726028460523,0.14656052697852529,sur
7.662591686365639,1.1030597635560562,1060.9536037689732,12.514524851249632,1.794221071159936,sur
6.616005083097767,2.1842535130758978,1091.7582236176977,8.03708851067806,25.59377062715813,sur
8.424774630404986,4.938340039983235,140.84714501026406,7.588694561393104,13.716869703036815,sur
8.326893314008911,4.144416829413047,551.5223180698932,13.96541906148901,29.47578818276334,sur
8.081106602001054,4.720296698433066,1364.3343073493959,7.760989395699271,24.400729224829316,sur
6.458511274633585,4.626241587078329,646.0886237710245,8.006449691018922,9.09398482791048,sur
7.8765368791021455,4.849105225392724,1073.0995008335458,5.350813885950174,3.4302689673259374,sur
8.00870232596212,1.6259503211234745,894.188182561465,12.912671953411229,19.52557864810256,sur
6.051461235739506,1.1060472090980111,98.73972026575981,9.939727985696203,1.2135446479123235,sur
6.558989596298631,4.353767251686296,739.5417543558987,12.536303717931357,33.22455871859659,sur
8.414080082686398,0.3847660081460458,932.3645454098765,7.500674984807411,5.4670527775709745,sur
6.926605367667227,2.2187510965228556,1258.792444809499,13.960679985489952,13.97664030697279,sur
6.6485585835782315,1.6346580816903955,491.08814347260727,10.157379805571141,25.954813796339035,sur
6.407336067703574,3.6262883020756824,1316.8629605262004,9.563536820648466,33.528105097414816,sur
8.405431371186355,4.997068628853333,949.9576957456469,6.614204092603169,23.640961586774896,sur
6.670159102057191,4.383253809141003,52.13704202515155,7.447987448099204,19.389763942609584,sur
7.560372269622835,4.981671688136236,1107.5499514275948,5.0574113906593166,18.709572670470802,sur
7.023529130478101,1.8415476525342416,1451.9259747089638,13.80519308351171,6.841030012893996,sur
6.176421868501075,2.4333447071235144,1099.760930425836,6.691283427337908,18.938983870759564,sur
6.736164398854794,4.430978902325372,1125.749674090137,11.555337689056813,11.474336959751192,sur
6.489957156047863,2.009654568046211,647.0600352975373,5.692815203584696,1.404860067987828,sur
7.464438953183658,2.108604634367277,146.34357431587358,8.44518887992749,21.89777762995468,sur
8.171169939744782,3.478090732484034,521.6779443333951,13.520806202230167,33.3221856323651,sur
7.218577995623784,0.016091318021393408,1083.3009329928436,8.601910482647048,25.82747191495801,sur
6.140758189204593,1.0783757619885859,758.9018560990545,11.274222253026284,14.553649880644384,sur
8.348747353910472,4.695338492564481,290.37308323674984,7.416803804608466,28.814562443801055,sur
7.937832058402787,2.64468567013606,752.8096163385682,9.34735727803001,24.11806788118804,sur
6.671693398462365,2.9410113347419524,1219.705603557372,10.431759258510088,16.276271697731847,sur
7.231562760727147,4.654743477534889,251.83521695125847,6.506213290131029,2.086606387063066,sur
6.489477836973241,0.8984155443512098,547.5926621003545,6.718339265644792,5.717836543944706,sur
6.305095587111947,2.697456461876686,1283.3932838696498,6.614282138109894,30.313554088224215,sur
8.368121443459646,0.8857489472369295,488.38321155966594,10.845580367367026,34.237723398429544,sur
8.074354509268005,3.5384046737045787,1085.9150379033013,8.53793516803461,12.713937308653358,sur
8.402976409559786,3.5791248234104427,228.35477792943118,7.920606201578079,2.8037004313360785,sur
6.685138051718015,0.292754646219896,434.7228994554271,11.815546804479506,11.964716467104036,sur
6.251945003443566,4.856975470208198,995.8228904583125,6.968440516981346,7.080288220537128,sur
7.441291188785634,0.3852913956716558,111.51233239999296,8.763303093465197,28.41323514228102,sur
8.285747016401247,4.1252470509003105,896.4705317454618,6.442030408788557,19.913441914864777,sur
7.237942275278176,3.953615824194818,863.7730430096611,13.736088908687698,10.130383256682078,sur
6.429198214620759,3.382339686131811,1078.5152012852839,7.7649477531914375,17.116694015724914,sur
7.396010624339512,3.089236201006069,1451.3052095062906,11.073076719506695,20.2425917090789,sur
7.3640419732898375,3.1578011004626028,754.7007160065244,7.3765578622434695,18.319047982270288,sur
6.277993705765378,0.1519352984841843,891.6780214408592,13.475227879922276,30.324811423889507,sur
6.294377707225353,2.491278411317268,1430.7215892615122,6.538427621787635,26.676110551357564,sur
6.290181601267291,4.981669580283709,1045.5553745642799,6.754776799102602,22.538480280666473,sur
8.020300948911043,2.6848721144670677,1346.285079511412,5.822523376985988,3.1456898107656235,sur
6.078572964216836,0.28921338281698183,1376.8805991902127,5.833629347462304,22.098136411688785,sur
6.347067931623525,3.4621807566218483,1242.6754518570854,13.563003430967827,20.127120071058513,sur
6.35021003809131,1.5518097946178688,1344.1587704345268,8.773444950494198,14.51889794324732,sur
8.475134625260658,3.9877955031859407,922.7889749719408,9.570245575629013,30.914576049917834,sur
7.537518066747925,1.3449670221754884,1172.1255008087267,6.838847450590732,4.0301162438320395,sur
7.740074491687432,2.4579727337071846,674.1197449654358,6.856269024525373,15.810881659350533,sur
8.412567276666282,3.475176144292766,1462.5819435337178,5.710454626519,34.8507058217963,sur
6.644854069287889,0.5125486399533963,997.0860462703604,9.635050937387508,4.662347344782004,sur
6.604630727251129,3.540860443226408,1014.2281100401931,12.10363563487717,24.521402373805806,sur
8.251045142908326,1.7294152847647837,1022.5618522634594,13.575335153022554,17.498564718767597,sur
6.430799678004075,0.397096844944933,770.2083630860225,9.973960409990735,8.12786418154701,sur
6.847574477621752,0.22871016906256425,210.93473035954756,8.189824539137494,21.671045737804285,sur
6.480722547021677,0.4282912479821527,462.1974347448992,8.349559297222074,14.186387622643368,sur
7.703756805559824,3.2510054619907667,475.2974856318188,13.67024288401434,22.706148986325637,sur
6.102171540666197,4.470954373320591,244.05112634955506,10.955005336662701,9.42065498470702,sur
8.323822860619565,4.9743315858488355,484.71076496959205,7.806914921873528,11.229908996244525,sur
6.422337657680411,0.9593366235937145,962.8586604930181,6.271011890358345,6.9521064851654195,sur
6.320114597394431,2.1409980746280737,400.8009364575179,6.134018250775949,23.509810073542127,sur
6.852665877625646,4.814960019294973,492.70048121026036,5.993886770699924,14.094630234809607,sur
8.349580309033687,1.0760093600861875,1027.4889285272911,13.182577376482271,15.546419240742829,sur
7.278355997152344,2.4025347362891445,1428.270026249995,12.52505932886524,21.063235688090653,sur
8.266180277411367,3.801449115610675,1226.129466403533,8.621656333693807,13.713381311601008,sur
7.358882152784972,1.299066043725171,263.095928902904,8.700777399942911,1.3635246221962478,sur
6.959728053433029,0.09596138411528343,888.5326791595229,10.971712345221071,6.6456365183571995,sur
6.041469572319641,4.9059308901371175,150.97966483548834,7.342129381867064,34.556765550284105,sur
8.311734045696408,3.1631094656697405,98.12456411551801,7.788261877902221,23.876709123928457,sur
6.367683702322595,0.11819293023168198,1469.522617003473,6.756498654967854,14.3738921553599,sur
7.727344345256165,3.899226975755718,454.9503282588951,10.977974464900715,20.395005727063854,sur
8.041498598678942,0.9731125591038253,839.4993825603813,11.760594232586385,12.209116761052055,sur
6.981112768556589,2.2489232441066127,1487.4254572681198,10.957222693733105,17.93374872562373,sur
8.450081438213694,1.9545299795275732,1338.555666384828,12.544073789736206,10.618494027019661,sur
6.82187902571877,2.483834294295847,701.557125957481,12.73815207330481,26.80505253596597,sur
6.898727878049388,3.0001027405965184,394.2785291434691,10.655838109531285,28.48031703027796,sur
6.753444685410355,3.6680719028070103,376.80283860981046,12.356670625754983,3.8711259605606294,sur
7.569270132678545,0.060603873219466364,426.86221990210765,7.8249026886352455,23.645537074860357,sur
8.340386935401952,1.0026236335016836,800.2972100448098,11.22866282321932,34.92122861535702,sur
6.221756334392639,1.7749815291596867,510.50085312861916,7.507787568035328,12.958126498960185,sur
6.091708007226495,0.4833822482335981,766.0303586625465,12.133353318882213,22.600376517286875,sur
7.311278473925636,4.029627000588106,338.862148596377,6.004336999615227,3.9406663285218064,sur
8.241913561566063,4.389871602225347,622.9398160366798,5.446529360049537,30.774784465495234,sur
7.783373964711381,3.7808166444762303,967.4322241854713,11.75239187544958,4.198352960583944,sur
6.593122718742,1.103848063943802,491.88908830989334,6.05796170135198,28.702362571947727,sur
6.26793002834944,4.635889097397263,1083.9167734197622,5.843988736313149,4.805501145044958,sur
6.442776698517623,0.9276275785156057,397.28974636883027,10.011905988548863,11.597327655771096,sur
7.2565927327629804,1.149773029455431,119.8071121686125,10.469774147860873,19.47626230720877,sur
6.6061762590868245,0.7620800666520872,1153.5047958636353,5.36053207145625,23.1809808555752,sur
8.46628812198245,2.578397138482489,1326.2272699861533,9.511480801631564,21.150954378411193,sur
6.943210407761557,4.635004839621477,1068.6837272254702,6.867868425851331,28.41811821232592,sur
6.8051979139579455,4.210166471882106,202.7791372637419,13.175910966914378,10.952184181008791,sur
6.982744311666901,1.3710760117433503,917.6183522317502,8.188441944954942,22.43379348345652,sur
8.226318201849738,3.7763521024840396,572.0731755564186,6.390429836044332,25.969220532989507,sur
7.331543166137558,1.9965795790465406,1450.7688824365819,13.286656853083718,11.508791624701328,sur
7.392003156145876,2.1515294744973135,879.0699104700673,6.285577683328986,23.03357763197722,sur
7.15633679033287,1.0046684432952824,179.46981056208074,5.005880516851696,11.606589718774188,sur
6.5233733083417755,0.3007117130039261,1343.2146099755653,6.9845383709208235,26.762783263470574,sur
6.515834296014481,0.3380628179610745,117.93526736502453,12.431398564046003,29.614347368558104,sur
8.066143665269355,3.6820100753282023,501.2653678419207,7.939753244833199,12.534890078520055,sur
7.331473581378964,4.8291108057661,805.8792690985015,10.503172501030948,8.749051180409039,sur
6.385906788185506,4.815575557945869,1172.2874983215056,13.398845789833755,4.843005815219481,sur
7.725987071573414,2.700059573022553,140.8999513517055,13.729338728106718,13.183675415031185,sur
6.72157638310064,0.12905953474743492,1032.436287815482,13.65343092116701,17.69322771032216,sur
6.926180256978455,2.8114840793895493,679.0352583859678,6.96386781096955,5.134328990531354,sur
6.022992629041574,3.852037089038966,1381.2110006887683,12.541175373666231,16.74718745375162,sur
6.809198091010609,0.8741931363020627,819.8596336975361,12.441727048754778,12.919766783322157,sur
6.4676093713938085,3.8240490045149773,636.2201335195602,5.172399369961276,34.15225864921264,sur
7.42903172367475,4.613785952566972,230.3341785507398,13.362302454905187,4.873892477464639,sur
6.402020128543747,4.985622500788556,1370.616734383677,10.494920795138821,1.9959419901266777,sur
6.64475706761235,4.878051004299574,1261.4463273261817,6.129376671192356,8.707712605871198,sur
8.0426801773732,1.7304986326889278,438.00938125555865,11.756926842899501,9.4695739770797,sur
7.998525997272607,3.2543868452359708,55.53888785494551,6.287010103991538,2.185096454722312,sur
6.476719301659166,1.261205100866808,783.638966215651,5.691227434829794,6.720562965901285,sur
8.088256238973095,4.0898351205953105,1469.702160121974,9.419861564448485,13.605422175679134,sur
7.624909826944413,4.933312966335732,784.085786268044,9.365851939815862,11.832954327819149,sur
6.867383004740569,4.842443887971919,188.3289521041554,9.339188890278578,5.864828875657727,sur
7.343489007344807,3.2195212677056535,516.4214850063455,6.881534363361614,19.059436362913644,sur
8.026383326954582,4.490152744749935,741.4230290608348,8.470378332620001,31.380113046415357,sur
8.178651475469294,2.9004310391890558,270.55121067229567,12.897230419890338,11.93355000024454,sur
8.009180192247786,0.45743418698877436,688.468956634106,11.648508356539097,32.104382330218826,sur
8.105297307839272,0.5071041422460826,570.1375118546695,5.90880296135985,20.89308281946104,sur
7.843753120274371,3.9935709582728727,671.6179304303288,12.568178393626164,10.860796873659163,sur
7.297095142815181,4.839300174225152,1168.859020918981,10.198685789099804,32.717843112247415,sur
8.302104706543432,0.10472480515456406,285.91462852242057,10.525732756927095,17.912315979931822,sur
8.439630198656337,4.354845618730428,625.6718097939279,8.154684808575457,2.806536488423965,sur
6.683517679826766,1.5364498246314329,1438.2996276052395,11.833632562266263,31.95645134114496,sur
8.462102997405836,3.301513598506691,408.64345793767086,11.228101303519892,5.908350202459746,sur
8.240228249808734,4.778257491148767,782.5498216861255,7.228037932518978,18.39146075745626,sur
6.140938741627318,4.015129489163317,62.851763414529906,13.709853187426058,20.024303730277218,sur
7.171732899487425,1.2838828386025396,454.20181500110186,6.325480071968818,15.038567717430178,sur
8.161805940637633,2.695806383376272,1496.8402407388685,8.957664378571177,6.327480269683284,sur
6.06591743624313,0.0378143748907106,1393.2547797586258,13.441687082905048,14.257793347449132,sur
7.131098790331734,3.0094079481816105,1010.5293169665487,12.27565165004322,25.881423163355453,sur
7.874901175997945,4.079734694843086,398.578423695585,6.047226366480463,13.356577468819724,sur
6.167691193471069,1.4295339461958005,1002.1150568764203,8.759002962352952,34.34401520869469,sur
6.785889952690817,4.4189294248171285,279.0344931112546,13.23093797463703,19.18508209548077,sur
7.340240915860301,2.395909388148655,1158.5653022493407,12.223762811176368,17.97977493253567,sur
8.492185629614868,0.9873524492996866,413.9520057303354,10.059699299580725,4.9419672238014725,sur
6.21337417019661,0.6075068815045903,1191.94617449523,13.740358166314572,33.172289428923044,sur
6.403053218135011,1.1222028591833033,342.92271918361047,7.178198719827895,17.50974873227161,sur
6.371656819382783,4.715379188723538,886.8277497555652,6.450969307776103,6.268322876486354,sur
7.025957307589074,1.9812100945132938,1292.9099226481917,11.51103036065001,33.785595327063994,sur
7.022382361035675,2.632013304680566,448.3607120033033,9.355904313617724,25.272312247132483,sur
8.28711475267025,0.6404787318310001,1490.2197723632978,13.392993905773809,13.207711187882778,sur
7.7399355152342455,3.2178884759826247,240.65922385207335,10.955158595598707,6.2003733127918945,sur
7.2459194318487,4.058848940450687,626.8631069781276,9.13211620958013,19.14658709654522,sur
6.3521425509495,2.912113291036232,221.82880421731977,12.412612496740762,22.59370247436828,sur
7.5293018655858805,3.9484925357123957,52.26940252763571,9.662072597641624,34.38824452896135,sur
7.253790736717999,0.5246508920908743,920.944046495116,12.392495266106248,20.360782659741535,sur
8.032252522825194,1.5565384957800181,1031.3908833432238,7.50531633496391,9.407916526056935,sur
7.060326678255965,1.7485161487292478,806.1164761461343,7.337037550553726,28.74375540958965,sur
6.716353130320711,0.16601554395683282,748.9595342625197,13.115966256916058,12.091829880320601,sur
6.598904726667431,4.18506664181836,301.9543100468285,7.235452478688868,0.0010751595883845555,sur
7.16399504533115,0.43933249572416677,1458.7224018065235,8.490434809252381,30.51695714481769,sur
6.362237180228058,3.487357308346418,1082.420329479632,11.349147472551376,24.924796605821175,sur
8.464126135276501,3.0930568910759213,195.92434385912333,8.98290963333271,8.906846606639109,sur
6.605138178778751,3.763583197788206,397.81746349611984,10.843900921191935,0.4514114426333904,sur
7.523910834949742,3.9871301080346404,715.9345359011602,13.058114802378523,3.620194020116918,sur
7.760199420248059,1.7671068965135905,1202.0475395115857,7.758171212385383,25.20551113258291,sur
6.036361664169704,1.3740301777406805,155.70766128346008,8.76746547426497,1.7227320089266562,sur
6.6212228495361645,0.49041290392122294,964.8365958322869,9.78309422770375,26.40992764220078,sur
6.876468897016492,4.113071592568392,634.1662598173239,9.125882817182942,8.087829850607367,sur
6.84498789212884,3.5123248527205195,574.6869851474511,6.65097976763091,25.702798677227644,sur
7.971493028061326,2.739797444868465,140.19467793881898,12.478542539495615,34.60941894562821,sur
8.225013354543915,3.0907786715905954,418.86779222067815,9.061647017263294,5.69312852869198,sur
6.9389573815998595,2.7982434174345707,735.1153647594447,12.69476617605327,7.3090827423106495,sur
7.841110589061807,3.8732676559059094,1467.0964665876804,13.727512695181794,19.062080488749753,sur
7.602869082213243,4.204357897129613,353.31892484149535,13.085478199256315,8.174857637401384,sur
7.356811108368991,4.508809960677118,1273.2920128751443,7.941152352719996,6.549349464367561,sur
8.491592092684764,3.580753371115968,477.1981247019801,7.936285262370321,8.639995965850652,sur
7.351587804025266,0.25985641825736205,793.3682026368037,10.03153356451942,26.429676610581858,sur
7.067769471565641,2.7542868530456968,1018.4839982652593,10.460585522456928,23.672637375545342,sur
8.36191432470607,0.6094304666847378,1259.50966565098,6.167110804018118,20.579707031234147,sur
6.299663418334207,0.40523107953823967,861.6457412756547,13.394394573194852,23.164210478989936,sur
7.5154365861272,0.5343846154737192,1160.8681025536,12.281212762625088,18.132712431412067,sur
6.752195774541924,2.8286598199789554,505.80766411643515,9.84498748930142,29.103141658927825,sur
6.539552568742108,0.5228392016720013,103.24597562619066,5.666948803173804,5.300593267737506,sur
6.895406795082101,2.4177282335996235,757.0603240174557,6.394327800290984,28.415314340363295,sur
7.296976554358415,4.256034570243844,165.1395477323928,11.68593344301145,25.507231905772663,sur
7.300769252259483,0.21706266427409582,640.3044092321601,7.7217756015068275,23.410678586423987,sur
6.453994292003564,3.2967696110289135,1287.9881364717671,12.208826303630284,14.60881738152018,sur
6.8642399837597985,3.1860073840414023,1200.0571672952722,12.438959667723179,10.197637549321056,sur
6.629497647267382,2.307387323123671,1472.729167287968,5.097299752716767,19.444234945996694,sur
7.54532060114474,4.814634376187899,178.47683525603463,12.78193029672326,14.010949266054793,sur
6.4040717852365345,0.11061775764498627,662.6952210523197,6.744767611432034,4.394242646446698,sur
